Curso;Unidade Curricular;Turno;Turma;Inscritos no turno;Dia da semana;Hora início da aula;Hora fim da aula;Data da aula;Sala atribuída à aula;Lotação da sala
ME;Teoria dos Jogos e dos Contratos;01789TP01;MEA1;30;Sex;13:00:00;14:30:00;02/12/2022;AA2.25;34
ME;Teoria dos Jogos e dos Contratos;01789TP01;MEA1;30;Qua;13:00:00;14:30:00;23/11/2022;AA2.25;34
ME;Teoria dos Jogos e dos Contratos;01789TP01;MEA1;30;Qua;13:00:00;14:30:00;16/11/2022;AA2.25;34
ME;Teoria dos Jogos e dos Contratos;01789TP01;MEA1;30;Qua;13:00:00;14:30:00;09/11/2022;AA2.25;34
ME;Teoria dos Jogos e dos Contratos;01789TP01;MEA1;30;Qua;13:00:00;14:30:00;02/11/2022;AA2.25;34
ME;Teoria dos Jogos e dos Contratos;01789TP01;MEA1;30;Seg;13:00:00;14:30:00;28/11/2022;AA2.25;34
ME;Teoria dos Jogos e dos Contratos;01789TP01;MEA1;30;Seg;13:00:00;14:30:00;21/11/2022;AA2.25;34
ME;Teoria dos Jogos e dos Contratos;01789TP01;MEA1;30;Seg;13:00:00;14:30:00;14/11/2022;AA2.25;34
ME;Teoria dos Jogos e dos Contratos;01789TP01;MEA1;30;Seg;13:00:00;14:30:00;07/11/2022;AA2.25;34
ME;Teoria dos Jogos e dos Contratos;01789TP01;MEA1;30;Ter;13:00:00;14:30:00;29/11/2022;AA2.25;34
ME;Teoria dos Jogos e dos Contratos;01789TP01;MEA1;30;Ter;13:00:00;14:30:00;22/11/2022;AA2.25;34
ME;Teoria dos Jogos e dos Contratos;01789TP01;MEA1;30;Ter;13:00:00;14:30:00;15/11/2022;AA2.25;34
ME;Teoria dos Jogos e dos Contratos;01789TP01;MEA1;30;Ter;13:00:00;14:30:00;08/11/2022;AA2.25;34
ME;Teoria dos Jogos e dos Contratos;01789TP01;MEA1;30;Sex;10:30:00;12:00:00;04/11/2022;AA2.26;30
ME;Teoria dos Jogos e dos Contratos;01789TP01;MEA1;30;Sex;12:00:00;13:30:00;04/11/2022;AA2.26;30
ME;Teoria dos Jogos e dos Contratos;01789TP01;MEA1;30;Sex;14:30:00;16:00:00;02/12/2022;AA2.25;34
ME;Teoria dos Jogos e dos Contratos;01789TP01;MEA1;30;Seg;14:30:00;16:00:00;28/11/2022;AA2.25;34
ME;Teoria dos Jogos e dos Contratos;01789TP01;MEA1;30;Seg;14:30:00;16:00:00;21/11/2022;AA2.25;34
ME;Teoria dos Jogos e dos Contratos;01789TP01;MEA1;30;Seg;14:30:00;16:00:00;14/11/2022;AA2.25;34
ME;Teoria dos Jogos e dos Contratos;01789TP01;MEA1;30;Seg;14:30:00;16:00:00;07/11/2022;AA2.25;34
LP;Competências Académicas I;L5205PL05;PA3;23;Qua;11:00:00;12:30:00;14/12/2022;2,00E+07;50
LP;Competências Académicas I;L5205PL05;PA3;23;Qua;11:00:00;12:30:00;07/12/2022;2,00E+07;50
LP;Competências Académicas I;L5205PL05;PA3;23;Qua;11:00:00;12:30:00;30/11/2022;2,00E+07;50
LP;Competências Académicas I;L5205PL05;PA3;23;Qua;11:00:00;12:30:00;23/11/2022;2,00E+07;50
LP;Competências Académicas I;L5205PL05;PA3;23;Qua;11:00:00;12:30:00;16/11/2022;2,00E+07;50
LP;Competências Académicas I;L5205PL05;PA3;23;Qua;11:00:00;12:30:00;09/11/2022;2,00E+07;50
LP;Competências Académicas I;L5205PL05;PA3;23;Qua;11:00:00;12:30:00;02/11/2022;2,00E+07;50
LP;Competências Académicas I;L5205PL05;PA3;23;Qua;11:00:00;12:30:00;26/10/2022;2,00E+07;50
LP;Competências Académicas I;L5205PL05;PA3;23;Qua;11:00:00;12:30:00;19/10/2022;2,00E+07;50
LP;Competências Académicas I;L5205PL05;PA3;23;Qua;11:00:00;12:30:00;12/10/2022;2,00E+07;50
LP;Competências Académicas I;L5205PL05;PA3;23;Qua;11:00:00;12:30:00;28/09/2022;2,00E+07;50
LP;Competências Académicas I;L5205PL05;PA3;23;Qua;11:00:00;12:30:00;21/09/2022;2,00E+07;50
CT;Gestão de Conflitos;00668TP02;CI-CT-02;24;Qui;13:00:00;15:00:00;10/11/2022;AA3.30;24
CT;Gestão de Conflitos;00668TP02;CI-CT-02;24;Qui;13:00:00;15:00:00;03/11/2022;AA3.30;24
CT;Gestão de Conflitos;00668TP02;CI-CT-02;24;Qui;13:00:00;15:00:00;27/10/2022;AA3.30;24
CT;Gestão de Conflitos;00668TP02;CI-CT-02;24;Qui;13:00:00;15:00:00;20/10/2022;AA3.30;24
CT;Gestão de Conflitos;00668TP02;CI-CT-02;24;Qui;13:00:00;15:00:00;13/10/2022;AA3.30;24
CT;Gestão de Conflitos;00668TP02;CI-CT-02;24;Qui;13:00:00;15:00:00;06/10/2022;AA3.30;24
LETI, LEI, LEI-PL, LIGE, LIGE-PL;Fundamentos de Arquitectura de Computadores;L0705TP23;ET-A9, ET-A8, ET-A7, ET-A12, ET-A11, ET-A10;44;Sex;13:00:00;14:30:00;09/12/2022;C5.06;70
LETI, LEI, LEI-PL, LIGE, LIGE-PL;Fundamentos de Arquitectura de Computadores;L0705TP23;ET-A9, ET-A8, ET-A7, ET-A12, ET-A11, ET-A10;44;Sex;13:00:00;14:30:00;02/12/2022;C5.06;70
LETI, LEI, LEI-PL, LIGE, LIGE-PL;Fundamentos de Arquitectura de Computadores;L0705TP23;ET-A9, ET-A8, ET-A7, ET-A12, ET-A11, ET-A10;44;Sex;13:00:00;14:30:00;25/11/2022;C5.06;70
LETI, LEI, LEI-PL, LIGE, LIGE-PL;Fundamentos de Arquitectura de Computadores;L0705TP23;ET-A9, ET-A8, ET-A7, ET-A12, ET-A11, ET-A10;44;Sex;13:00:00;14:30:00;18/11/2022;C5.06;70
LETI, LEI, LEI-PL, LIGE, LIGE-PL;Fundamentos de Arquitectura de Computadores;L0705TP23;ET-A9, ET-A8, ET-A7, ET-A12, ET-A11, ET-A10;44;Sex;13:00:00;14:30:00;11/11/2022;C5.06;70
LETI, LEI, LEI-PL, LIGE, LIGE-PL;Fundamentos de Arquitectura de Computadores;L0705TP23;ET-A9, ET-A8, ET-A7, ET-A12, ET-A11, ET-A10;44;Sex;13:00:00;14:30:00;28/10/2022;C5.06;70
LETI, LEI, LEI-PL, LIGE, LIGE-PL;Fundamentos de Arquitectura de Computadores;L0705TP23;ET-A9, ET-A8, ET-A7, ET-A12, ET-A11, ET-A10;44;Sex;13:00:00;14:30:00;21/10/2022;C5.06;70
LETI, LEI, LEI-PL, LIGE, LIGE-PL;Fundamentos de Arquitectura de Computadores;L0705TP23;ET-A9, ET-A8, ET-A7, ET-A12, ET-A11, ET-A10;44;Sex;13:00:00;14:30:00;14/10/2022;C5.06;70
LETI, LEI, LEI-PL, LIGE, LIGE-PL;Fundamentos de Arquitectura de Computadores;L0705TP23;ET-A9, ET-A8, ET-A7, ET-A12, ET-A11, ET-A10;44;Sex;13:00:00;14:30:00;07/10/2022;C5.06;70
LETI, LEI, LEI-PL, LIGE, LIGE-PL;Fundamentos de Arquitectura de Computadores;L0705TP23;ET-A9, ET-A8, ET-A7, ET-A12, ET-A11, ET-A10;44;Sex;13:00:00;14:30:00;30/09/2022;C5.06;70
LETI, LEI, LEI-PL, LIGE, LIGE-PL;Fundamentos de Arquitectura de Computadores;L0705TP23;ET-A9, ET-A8, ET-A7, ET-A12, ET-A11, ET-A10;44;Sex;13:00:00;14:30:00;23/09/2022;C5.06;70
LETI, LEI, LEI-PL, LIGE, LIGE-PL;Fundamentos de Arquitectura de Computadores;L0705TP23;ET-A9, ET-A8, ET-A7, ET-A12, ET-A11, ET-A10;44;Sex;13:00:00;14:30:00;16/09/2022;;
LETI, LEI, LEI-PL, LIGE, LIGE-PL;Arquitetura de Redes;03708T02;EI-C6, EI-C5, EI-C4, EI-C3, EI-C2, EI-C1;99;Seg;14:30:00;16:00:00;28/11/2022;;
LETI, LEI, LEI-PL, LIGE, LIGE-PL;Arquitetura de Redes;03708T02;EI-C6, EI-C5, EI-C4, EI-C3, EI-C2, EI-C1;99;Seg;14:30:00;16:00:00;21/11/2022;Auditório B1.03;204
LETI, LEI, LEI-PL, LIGE, LIGE-PL;Arquitetura de Redes;03708T02;EI-C6, EI-C5, EI-C4, EI-C3, EI-C2, EI-C1;99;Seg;14:30:00;16:00:00;14/11/2022;Auditório B1.03;204
LETI, LEI, LEI-PL, LIGE, LIGE-PL;Arquitetura de Redes;03708T02;EI-C6, EI-C5, EI-C4, EI-C3, EI-C2, EI-C1;99;Seg;14:30:00;16:00:00;07/11/2022;Auditório B1.03;204
LETI, LEI, LEI-PL, LIGE, LIGE-PL;Arquitetura de Redes;03708T02;EI-C6, EI-C5, EI-C4, EI-C3, EI-C2, EI-C1;99;Seg;14:30:00;16:00:00;31/10/2022;Auditório B1.03;204
LETI, LEI, LEI-PL, LIGE, LIGE-PL;Arquitetura de Redes;03708T02;EI-C6, EI-C5, EI-C4, EI-C3, EI-C2, EI-C1;99;Seg;14:30:00;16:00:00;24/10/2022;Auditório B1.03;204
LETI, LEI, LEI-PL, LIGE, LIGE-PL;Arquitetura de Redes;03708T02;EI-C6, EI-C5, EI-C4, EI-C3, EI-C2, EI-C1;99;Seg;14:30:00;16:00:00;17/10/2022;Auditório B1.03;204
LETI, LEI, LEI-PL, LIGE, LIGE-PL;Arquitetura de Redes;03708T02;EI-C6, EI-C5, EI-C4, EI-C3, EI-C2, EI-C1;99;Seg;14:30:00;16:00:00;10/10/2022;Auditório B1.03;204
LETI, LEI, LEI-PL, LIGE, LIGE-PL;Arquitetura de Redes;03708T02;EI-C6, EI-C5, EI-C4, EI-C3, EI-C2, EI-C1;99;Seg;14:30:00;16:00:00;03/10/2022;Auditório B1.03;204
LETI, LEI, LEI-PL, LIGE, LIGE-PL;Arquitetura de Redes;03708T02;EI-C6, EI-C5, EI-C4, EI-C3, EI-C2, EI-C1;99;Seg;14:30:00;16:00:00;26/09/2022;Auditório B1.03;204
LETI, LEI, LEI-PL, LIGE, LIGE-PL;Arquitetura de Redes;03708T02;EI-C6, EI-C5, EI-C4, EI-C3, EI-C2, EI-C1;99;Seg;14:30:00;16:00:00;19/09/2022;Auditório B1.03;204
LETI, LEI, LEI-PL, LIGE, LIGE-PL;Arquitetura de Redes;03708T02;EI-C6, EI-C5, EI-C4, EI-C3, EI-C2, EI-C1;99;Seg;14:30:00;16:00:00;12/09/2022;Auditório B1.03;204
CT;Igualdade de Género e Diversidade - Iniciação;IGD-ITP02;CI-CT-02;28;Seg;14:30:00;15:30:00;24/10/2022;AA2.26;30
CT;Igualdade de Género e Diversidade - Iniciação;IGD-ITP02;CI-CT-02;28;Seg;14:30:00;17:30:00;17/10/2022;AA2.26;30
CT;Igualdade de Género e Diversidade - Iniciação;IGD-ITP02;CI-CT-02;28;Seg;14:30:00;17:30:00;10/10/2022;AA2.26;30
CT;Igualdade de Género e Diversidade - Iniciação;IGD-ITP02;CI-CT-02;28;Seg;14:30:00;17:30:00;03/10/2022;AA2.26;30
LETI, LEI, LEI-PL, LIGE, LIGE-PL;Programação Orientada para Objectos;L5315PL10;EI-B8, EI-B7, EI-B6, EI-B5;13;Ter;11:00:00;12:30:00;06/12/2022;;
LETI, LEI, LEI-PL, LIGE, LIGE-PL;Programação Orientada para Objectos;L5315PL10;EI-B8, EI-B7, EI-B6, EI-B5;13;Ter;11:00:00;12:30:00;29/11/2022;0S02;41
LETI, LEI, LEI-PL, LIGE, LIGE-PL;Programação Orientada para Objectos;L5315PL10;EI-B8, EI-B7, EI-B6, EI-B5;13;Ter;11:00:00;12:30:00;22/11/2022;0S02;41
LETI, LEI, LEI-PL, LIGE, LIGE-PL;Programação Orientada para Objectos;L5315PL10;EI-B8, EI-B7, EI-B6, EI-B5;13;Ter;11:00:00;12:30:00;15/11/2022;0S02;41
LETI, LEI, LEI-PL, LIGE, LIGE-PL;Programação Orientada para Objectos;L5315PL10;EI-B8, EI-B7, EI-B6, EI-B5;13;Ter;11:00:00;12:30:00;08/11/2022;D1.04;23
LETI, LEI, LEI-PL, LIGE, LIGE-PL;Programação Orientada para Objectos;L5315PL10;EI-B8, EI-B7, EI-B6, EI-B5;13;Ter;11:00:00;12:30:00;25/10/2022;D1.04;23
LETI, LEI, LEI-PL, LIGE, LIGE-PL;Programação Orientada para Objectos;L5315PL10;EI-B8, EI-B7, EI-B6, EI-B5;13;Ter;11:00:00;12:30:00;18/10/2022;D1.04;23
LETI, LEI, LEI-PL, LIGE, LIGE-PL;Programação Orientada para Objectos;L5315PL10;EI-B8, EI-B7, EI-B6, EI-B5;13;Ter;11:00:00;12:30:00;11/10/2022;D1.04;23
LETI, LEI, LEI-PL, LIGE, LIGE-PL;Programação Orientada para Objectos;L5315PL10;EI-B8, EI-B7, EI-B6, EI-B5;13;Ter;11:00:00;12:30:00;04/10/2022;D1.04;23
LETI, LEI, LEI-PL, LIGE, LIGE-PL;Programação Orientada para Objectos;L5315PL10;EI-B8, EI-B7, EI-B6, EI-B5;13;Ter;11:00:00;12:30:00;27/09/2022;0S02;41
LETI, LEI, LEI-PL, LIGE, LIGE-PL;Programação Orientada para Objectos;L5315PL10;EI-B8, EI-B7, EI-B6, EI-B5;13;Ter;11:00:00;12:30:00;20/09/2022;0S02;41
LETI, LEI, LEI-PL, LIGE, LIGE-PL;Programação Orientada para Objectos;L5315PL10;EI-B8, EI-B7, EI-B6, EI-B5;13;Ter;11:00:00;12:30:00;13/09/2022;0S02;41
LETI, LEI, LEI-PL, LIGE, LIGE-PL;Programação Orientada para Objectos;L5315PL10;EI-B8, EI-B7, EI-B6, EI-B5;13;Ter;09:30:00;11:00:00;06/12/2022;;
LETI, LEI, LEI-PL, LIGE, LIGE-PL;Programação Orientada para Objectos;L5315PL10;EI-B8, EI-B7, EI-B6, EI-B5;13;Ter;09:30:00;11:00:00;29/11/2022;0S02;41
LETI, LEI, LEI-PL, LIGE, LIGE-PL;Programação Orientada para Objectos;L5315PL10;EI-B8, EI-B7, EI-B6, EI-B5;13;Ter;09:30:00;11:00:00;22/11/2022;0S02;41
LETI, LEI, LEI-PL, LIGE, LIGE-PL;Programação Orientada para Objectos;L5315PL10;EI-B8, EI-B7, EI-B6, EI-B5;13;Ter;09:30:00;11:00:00;15/11/2022;0S02;41
LETI, LEI, LEI-PL, LIGE, LIGE-PL;Programação Orientada para Objectos;L5315PL10;EI-B8, EI-B7, EI-B6, EI-B5;13;Ter;09:30:00;11:00:00;08/11/2022;D1.04;23
LETI, LEI, LEI-PL, LIGE, LIGE-PL;Programação Orientada para Objectos;L5315PL10;EI-B8, EI-B7, EI-B6, EI-B5;13;Ter;09:30:00;11:00:00;25/10/2022;D1.04;23
LETI, LEI, LEI-PL, LIGE, LIGE-PL;Programação Orientada para Objectos;L5315PL10;EI-B8, EI-B7, EI-B6, EI-B5;13;Ter;09:30:00;11:00:00;18/10/2022;D1.04;23
LETI, LEI, LEI-PL, LIGE, LIGE-PL;Programação Orientada para Objectos;L5315PL10;EI-B8, EI-B7, EI-B6, EI-B5;13;Ter;09:30:00;11:00:00;11/10/2022;D1.04;23
LETI, LEI, LEI-PL, LIGE, LIGE-PL;Programação Orientada para Objectos;L5315PL10;EI-B8, EI-B7, EI-B6, EI-B5;13;Ter;09:30:00;11:00:00;04/10/2022;D1.04;23
LETI, LEI, LEI-PL, LIGE, LIGE-PL;Programação Orientada para Objectos;L5315PL10;EI-B8, EI-B7, EI-B6, EI-B5;13;Ter;09:30:00;11:00:00;27/09/2022;0S02;41
LETI, LEI, LEI-PL, LIGE, LIGE-PL;Programação Orientada para Objectos;L5315PL10;EI-B8, EI-B7, EI-B6, EI-B5;13;Ter;09:30:00;11:00:00;20/09/2022;0S02;41
LETI, LEI, LEI-PL, LIGE, LIGE-PL;Programação Orientada para Objectos;L5315PL10;EI-B8, EI-B7, EI-B6, EI-B5;13;Ter;09:30:00;11:00:00;13/09/2022;0S02;41
LETI, LEI, LEI-PL, LIGE, LIGE-PL;Bases de Dados;03724PL08;ET-B4, ET-B3, ET-B2, ET-B1;28;Sex;13:00:00;14:30:00;09/12/2022;D1.06;28
LETI, LEI, LEI-PL, LIGE, LIGE-PL;Bases de Dados;03724PL08;ET-B4, ET-B3, ET-B2, ET-B1;28;Sex;13:00:00;14:30:00;02/12/2022;D1.06;28
LETI, LEI, LEI-PL, LIGE, LIGE-PL;Bases de Dados;03724PL08;ET-B4, ET-B3, ET-B2, ET-B1;28;Sex;13:00:00;14:30:00;25/11/2022;D1.06;28
LETI, LEI, LEI-PL, LIGE, LIGE-PL;Bases de Dados;03724PL08;ET-B4, ET-B3, ET-B2, ET-B1;28;Sex;13:00:00;14:30:00;18/11/2022;D1.06;28
LETI, LEI, LEI-PL, LIGE, LIGE-PL;Bases de Dados;03724PL08;ET-B4, ET-B3, ET-B2, ET-B1;28;Sex;13:00:00;14:30:00;11/11/2022;D1.06;28
LETI, LEI, LEI-PL, LIGE, LIGE-PL;Bases de Dados;03724PL08;ET-B4, ET-B3, ET-B2, ET-B1;28;Sex;13:00:00;14:30:00;28/10/2022;D1.06;28
LETI, LEI, LEI-PL, LIGE, LIGE-PL;Bases de Dados;03724PL08;ET-B4, ET-B3, ET-B2, ET-B1;28;Sex;13:00:00;14:30:00;21/10/2022;D1.06;28
LETI, LEI, LEI-PL, LIGE, LIGE-PL;Bases de Dados;03724PL08;ET-B4, ET-B3, ET-B2, ET-B1;28;Sex;13:00:00;14:30:00;14/10/2022;D1.06;28
LETI, LEI, LEI-PL, LIGE, LIGE-PL;Bases de Dados;03724PL08;ET-B4, ET-B3, ET-B2, ET-B1;28;Sex;13:00:00;14:30:00;07/10/2022;D1.06;28
LETI, LEI, LEI-PL, LIGE, LIGE-PL;Bases de Dados;03724PL08;ET-B4, ET-B3, ET-B2, ET-B1;28;Sex;13:00:00;14:30:00;30/09/2022;D1.06;28
LETI, LEI, LEI-PL, LIGE, LIGE-PL;Bases de Dados;03724PL08;ET-B4, ET-B3, ET-B2, ET-B1;28;Sex;13:00:00;14:30:00;23/09/2022;D1.06;28
LETI, LEI, LEI-PL, LIGE, LIGE-PL;Bases de Dados;03724PL08;ET-B4, ET-B3, ET-B2, ET-B1;28;Sex;13:00:00;14:30:00;16/09/2022;D1.06;28
LETI, LEI, LEI-PL, LIGE, LIGE-PL;Bases de Dados;03724PL08;ET-B4, ET-B3, ET-B2, ET-B1;28;Sex;14:30:00;16:00:00;09/12/2022;D1.06;28
LETI, LEI, LEI-PL, LIGE, LIGE-PL;Bases de Dados;03724PL08;ET-B4, ET-B3, ET-B2, ET-B1;28;Sex;14:30:00;16:00:00;02/12/2022;D1.06;28
LETI, LEI, LEI-PL, LIGE, LIGE-PL;Bases de Dados;03724PL08;ET-B4, ET-B3, ET-B2, ET-B1;28;Sex;14:30:00;16:00:00;25/11/2022;D1.06;28
LETI, LEI, LEI-PL, LIGE, LIGE-PL;Bases de Dados;03724PL08;ET-B4, ET-B3, ET-B2, ET-B1;28;Sex;14:30:00;16:00:00;18/11/2022;D1.06;28
LETI, LEI, LEI-PL, LIGE, LIGE-PL;Bases de Dados;03724PL08;ET-B4, ET-B3, ET-B2, ET-B1;28;Sex;14:30:00;16:00:00;11/11/2022;D1.06;28
LETI, LEI, LEI-PL, LIGE, LIGE-PL;Bases de Dados;03724PL08;ET-B4, ET-B3, ET-B2, ET-B1;28;Sex;14:30:00;16:00:00;28/10/2022;D1.06;28
LETI, LEI, LEI-PL, LIGE, LIGE-PL;Bases de Dados;03724PL08;ET-B4, ET-B3, ET-B2, ET-B1;28;Sex;14:30:00;16:00:00;21/10/2022;D1.06;28
LETI, LEI, LEI-PL, LIGE, LIGE-PL;Bases de Dados;03724PL08;ET-B4, ET-B3, ET-B2, ET-B1;28;Sex;14:30:00;16:00:00;14/10/2022;D1.06;28
LETI, LEI, LEI-PL, LIGE, LIGE-PL;Bases de Dados;03724PL08;ET-B4, ET-B3, ET-B2, ET-B1;28;Sex;14:30:00;16:00:00;07/10/2022;D1.06;28
LETI, LEI, LEI-PL, LIGE, LIGE-PL;Bases de Dados;03724PL08;ET-B4, ET-B3, ET-B2, ET-B1;28;Sex;14:30:00;16:00:00;30/09/2022;D1.06;28
LETI, LEI, LEI-PL, LIGE, LIGE-PL;Bases de Dados;03724PL08;ET-B4, ET-B3, ET-B2, ET-B1;28;Sex;14:30:00;16:00:00;23/09/2022;D1.06;28
LETI, LEI, LEI-PL, LIGE, LIGE-PL;Bases de Dados;03724PL08;ET-B4, ET-B3, ET-B2, ET-B1;28;Sex;14:30:00;16:00:00;16/09/2022;D1.06;28
LETI, LEI, LEI-PL, LIGE, LIGE-PL;Fundamentos de Arquitectura de Computadores;L0705TP34;IGE-PL-A2, IGE-PL-A1;49;Qua;19:30:00;21:00:00;14/12/2022;C5.07;68
LETI, LEI, LEI-PL, LIGE, LIGE-PL;Fundamentos de Arquitectura de Computadores;L0705TP34;IGE-PL-A2, IGE-PL-A1;49;Qua;19:30:00;21:00:00;07/12/2022;C5.07;68
LETI, LEI, LEI-PL, LIGE, LIGE-PL;Fundamentos de Arquitectura de Computadores;L0705TP34;IGE-PL-A2, IGE-PL-A1;49;Qua;19:30:00;21:00:00;30/11/2022;C5.07;68
LETI, LEI, LEI-PL, LIGE, LIGE-PL;Fundamentos de Arquitectura de Computadores;L0705TP34;IGE-PL-A2, IGE-PL-A1;49;Qua;19:30:00;21:00:00;23/11/2022;C5.07;68
LETI, LEI, LEI-PL, LIGE, LIGE-PL;Fundamentos de Arquitectura de Computadores;L0705TP34;IGE-PL-A2, IGE-PL-A1;49;Qua;19:30:00;21:00:00;16/11/2022;C5.07;68
LETI, LEI, LEI-PL, LIGE, LIGE-PL;Fundamentos de Arquitectura de Computadores;L0705TP34;IGE-PL-A2, IGE-PL-A1;49;Qua;19:30:00;21:00:00;09/11/2022;C5.07;68
LETI, LEI, LEI-PL, LIGE, LIGE-PL;Fundamentos de Arquitectura de Computadores;L0705TP34;IGE-PL-A2, IGE-PL-A1;49;Qua;19:30:00;21:00:00;26/10/2022;C5.07;68
LETI, LEI, LEI-PL, LIGE, LIGE-PL;Fundamentos de Arquitectura de Computadores;L0705TP34;IGE-PL-A2, IGE-PL-A1;49;Qua;19:30:00;21:00:00;19/10/2022;C5.07;68
LETI, LEI, LEI-PL, LIGE, LIGE-PL;Fundamentos de Arquitectura de Computadores;L0705TP34;IGE-PL-A2, IGE-PL-A1;49;Qua;19:30:00;21:00:00;12/10/2022;C5.07;68
LETI, LEI, LEI-PL, LIGE, LIGE-PL;Fundamentos de Arquitectura de Computadores;L0705TP34;IGE-PL-A2, IGE-PL-A1;49;Qua;19:30:00;21:00:00;28/09/2022;C5.07;68
LETI, LEI, LEI-PL, LIGE, LIGE-PL;Fundamentos de Arquitectura de Computadores;L0705TP34;IGE-PL-A2, IGE-PL-A1;49;Qua;19:30:00;21:00:00;21/09/2022;C5.07;68
LETI, LEI, LEI-PL, LIGE, LIGE-PL;Fundamentos de Arquitectura de Computadores;L0705TP34;IGE-PL-A2, IGE-PL-A1;49;Qua;19:30:00;21:00:00;14/09/2022;;
CT;Introdução ao Inglês para Negócios;01973TP01;CI-CT-01;30;Qui;09:30:00;11:00:00;24/11/2022;AA2.26;30
CT;Introdução ao Inglês para Negócios;01973TP01;CI-CT-01;30;Qui;09:30:00;11:00:00;17/11/2022;AA2.26;30
CT;Introdução ao Inglês para Negócios;01973TP01;CI-CT-01;30;Qui;09:30:00;11:00:00;10/11/2022;AA2.26;30
CT;Introdução ao Inglês para Negócios;01973TP01;CI-CT-01;30;Qui;09:30:00;11:00:00;03/11/2022;AA2.26;30
CT;Introdução ao Inglês para Negócios;01973TP01;CI-CT-01;30;Qui;09:30:00;11:00:00;27/10/2022;AA2.26;30
CT;Introdução ao Inglês para Negócios;01973TP01;CI-CT-01;30;Qui;09:30:00;11:00:00;20/10/2022;AA2.24;30
CT;Introdução ao Inglês para Negócios;01973TP01;CI-CT-01;30;Qui;09:30:00;11:00:00;13/10/2022;AA2.28;30
CT;Introdução ao Inglês para Negócios;01973TP01;CI-CT-01;30;Qui;09:30:00;11:00:00;06/10/2022;AA2.28;30
CT;Introdução ao Inglês para Negócios;01973TP01;CI-CT-01;30;Ter;09:30:00;11:00:00;29/11/2022;2,00E+08;50
CT;Introdução ao Inglês para Negócios;01973TP01;CI-CT-01;30;Ter;09:30:00;11:00:00;22/11/2022;2,00E+08;50
CT;Introdução ao Inglês para Negócios;01973TP01;CI-CT-01;30;Ter;09:30:00;11:00:00;15/11/2022;2,00E+08;50
CT;Introdução ao Inglês para Negócios;01973TP01;CI-CT-01;30;Ter;09:30:00;11:00:00;08/11/2022;2,00E+08;50
CT;Introdução ao Inglês para Negócios;01973TP01;CI-CT-01;30;Ter;09:30:00;11:00:00;25/10/2022;2,00E+08;50
CT;Introdução ao Inglês para Negócios;01973TP01;CI-CT-01;30;Ter;09:30:00;11:00:00;18/10/2022;2,00E+08;50
CT;Introdução ao Inglês para Negócios;01973TP01;CI-CT-01;30;Ter;09:30:00;11:00:00;11/10/2022;2,00E+08;50
CT;Introdução ao Inglês para Negócios;01973TP01;CI-CT-01;30;Ter;09:30:00;11:00:00;04/10/2022;2,00E+08;50
CT;Tópicos de Matemática Elementar II;TMEIITP02;MP-Sintra;0;Seg;18:30:00;21:00:00;02/01/2023;;
CT;Tópicos de Matemática Elementar II;TMEIITP02;MP-Sintra;0;Sáb;10:00:00;13:00:00;21/01/2023;;
CT;Tópicos de Matemática Elementar II;TMEIITP02;MP-Sintra;0;Sáb;10:00:00;13:00:00;14/01/2023;;
CT;Tópicos de Matemática Elementar II;TMEIITP02;MP-Sintra;0;Sáb;10:00:00;13:00:00;07/01/2023;;
CT;Tópicos de Matemática Elementar II;TMEIITP02;MP-Sintra;0;Qui;18:30:00;21:00:00;26/01/2023;;
CT;Tópicos de Matemática Elementar II;TMEIITP02;MP-Sintra;0;Qui;19:00:00;21:00:00;19/01/2023;;
CT;Tópicos de Matemática Elementar II;TMEIITP02;MP-Sintra;0;Qua;19:00:00;21:00:00;25/01/2023;;
CT;Tópicos de Matemática Elementar II;TMEIITP02;MP-Sintra;0;Qua;19:00:00;21:00:00;18/01/2023;;
CT;Tópicos de Matemática Elementar II;TMEIITP02;MP-Sintra;0;Qua;19:00:00;21:00:00;11/01/2023;;
CT;Tópicos de Matemática Elementar II;TMEIITP02;MP-Sintra;0;Qua;19:00:00;21:00:00;04/01/2023;;
CT;Tópicos de Matemática Elementar II;TMEIITP02;MP-Sintra;0;Seg;19:00:00;21:00:00;23/01/2023;;
CT;Tópicos de Matemática Elementar II;TMEIITP02;MP-Sintra;0;Seg;19:00:00;21:00:00;16/01/2023;;
CT;Tópicos de Matemática Elementar II;TMEIITP02;MP-Sintra;0;Seg;19:00:00;21:00:00;09/01/2023;;
LETI, LEI, LEI-PL, LIGE, LIGE-PL;Arquitetura de Redes;03708PL07;ET-C4, ET-C3;12;Qui;11:00:00;12:30:00;17/11/2022;C7.06;66
LETI, LEI, LEI-PL, LIGE, LIGE-PL;Arquitetura de Redes;03708PL07;ET-C4, ET-C3;12;Qui;11:00:00;12:30:00;10/11/2022;C7.06;66
LETI, LEI, LEI-PL, LIGE, LIGE-PL;Arquitetura de Redes;03708PL07;ET-C4, ET-C3;12;Qui;11:00:00;12:30:00;03/11/2022;C7.06;66
LETI, LEI, LEI-PL, LIGE, LIGE-PL;Arquitetura de Redes;03708PL07;ET-C4, ET-C3;12;Qui;11:00:00;12:30:00;27/10/2022;C7.06;66
LETI, LEI, LEI-PL, LIGE, LIGE-PL;Arquitetura de Redes;03708PL07;ET-C4, ET-C3;12;Qui;11:00:00;12:30:00;20/10/2022;C7.06;66
LETI, LEI, LEI-PL, LIGE, LIGE-PL;Arquitetura de Redes;03708PL07;ET-C4, ET-C3;12;Qui;11:00:00;12:30:00;13/10/2022;C7.06;66
LETI, LEI, LEI-PL, LIGE, LIGE-PL;Arquitetura de Redes;03708PL07;ET-C4, ET-C3;12;Qui;11:00:00;12:30:00;06/10/2022;;
LETI, LEI, LEI-PL, LIGE, LIGE-PL;Arquitetura de Redes;03708PL07;ET-C4, ET-C3;12;Qui;11:00:00;12:30:00;29/09/2022;C7.06;66
LETI, LEI, LEI-PL, LIGE, LIGE-PL;Arquitetura de Redes;03708PL07;ET-C4, ET-C3;12;Qui;11:00:00;12:30:00;22/09/2022;;
LETI, LEI, LEI-PL, LIGE, LIGE-PL;Arquitetura de Redes;03708PL07;ET-C4, ET-C3;12;Qui;11:00:00;12:30:00;15/09/2022;;
LETI, LEI, LEI-PL, LIGE, LIGE-PL;Programação Orientada para Objectos;L5315PL05;IGE-B4, IGE-B3, IGE-B2, IGE-B1;26;Qui;11:00:00;12:30:00;15/12/2022;D1.14;27
LETI, LEI, LEI-PL, LIGE, LIGE-PL;Programação Orientada para Objectos;L5315PL05;IGE-B4, IGE-B3, IGE-B2, IGE-B1;26;Qui;11:00:00;12:30:00;24/11/2022;D1.14;27
LETI, LEI, LEI-PL, LIGE, LIGE-PL;Programação Orientada para Objectos;L5315PL05;IGE-B4, IGE-B3, IGE-B2, IGE-B1;26;Qui;11:00:00;12:30:00;17/11/2022;D1.14;27
LETI, LEI, LEI-PL, LIGE, LIGE-PL;Programação Orientada para Objectos;L5315PL05;IGE-B4, IGE-B3, IGE-B2, IGE-B1;26;Qui;11:00:00;12:30:00;10/11/2022;D1.14;27
LETI, LEI, LEI-PL, LIGE, LIGE-PL;Programação Orientada para Objectos;L5315PL05;IGE-B4, IGE-B3, IGE-B2, IGE-B1;26;Qui;11:00:00;12:30:00;03/11/2022;;
LETI, LEI, LEI-PL, LIGE, LIGE-PL;Programação Orientada para Objectos;L5315PL05;IGE-B4, IGE-B3, IGE-B2, IGE-B1;26;Qui;11:00:00;12:30:00;27/10/2022;D1.14;27
LETI, LEI, LEI-PL, LIGE, LIGE-PL;Programação Orientada para Objectos;L5315PL05;IGE-B4, IGE-B3, IGE-B2, IGE-B1;26;Qui;11:00:00;12:30:00;20/10/2022;D1.14;27
LETI, LEI, LEI-PL, LIGE, LIGE-PL;Programação Orientada para Objectos;L5315PL05;IGE-B4, IGE-B3, IGE-B2, IGE-B1;26;Qui;11:00:00;12:30:00;13/10/2022;D1.14;27
LETI, LEI, LEI-PL, LIGE, LIGE-PL;Programação Orientada para Objectos;L5315PL05;IGE-B4, IGE-B3, IGE-B2, IGE-B1;26;Qui;11:00:00;12:30:00;06/10/2022;D1.14;27
LETI, LEI, LEI-PL, LIGE, LIGE-PL;Programação Orientada para Objectos;L5315PL05;IGE-B4, IGE-B3, IGE-B2, IGE-B1;26;Qui;11:00:00;12:30:00;29/09/2022;D1.14;27
LETI, LEI, LEI-PL, LIGE, LIGE-PL;Programação Orientada para Objectos;L5315PL05;IGE-B4, IGE-B3, IGE-B2, IGE-B1;26;Qui;11:00:00;12:30:00;22/09/2022;D1.14;27
LETI, LEI, LEI-PL, LIGE, LIGE-PL;Programação Orientada para Objectos;L5315PL05;IGE-B4, IGE-B3, IGE-B2, IGE-B1;26;Qui;11:00:00;12:30:00;15/09/2022;D1.14;27
LETI, LEI, LEI-PL, LIGE, LIGE-PL;Programação Orientada para Objectos;L5315PL05;IGE-B4, IGE-B3, IGE-B2, IGE-B1;26;Qui;09:30:00;11:00:00;15/12/2022;D1.14;27
LETI, LEI, LEI-PL, LIGE, LIGE-PL;Programação Orientada para Objectos;L5315PL05;IGE-B4, IGE-B3, IGE-B2, IGE-B1;26;Qui;09:30:00;11:00:00;24/11/2022;D1.14;27
LETI, LEI, LEI-PL, LIGE, LIGE-PL;Programação Orientada para Objectos;L5315PL05;IGE-B4, IGE-B3, IGE-B2, IGE-B1;26;Qui;09:30:00;11:00:00;17/11/2022;D1.14;27
LETI, LEI, LEI-PL, LIGE, LIGE-PL;Programação Orientada para Objectos;L5315PL05;IGE-B4, IGE-B3, IGE-B2, IGE-B1;26;Qui;09:30:00;11:00:00;10/11/2022;D1.14;27
LETI, LEI, LEI-PL, LIGE, LIGE-PL;Programação Orientada para Objectos;L5315PL05;IGE-B4, IGE-B3, IGE-B2, IGE-B1;26;Qui;09:30:00;11:00:00;03/11/2022;;
LETI, LEI, LEI-PL, LIGE, LIGE-PL;Programação Orientada para Objectos;L5315PL05;IGE-B4, IGE-B3, IGE-B2, IGE-B1;26;Qui;09:30:00;11:00:00;27/10/2022;D1.14;27
LETI, LEI, LEI-PL, LIGE, LIGE-PL;Programação Orientada para Objectos;L5315PL05;IGE-B4, IGE-B3, IGE-B2, IGE-B1;26;Qui;09:30:00;11:00:00;20/10/2022;D1.14;27
LETI, LEI, LEI-PL, LIGE, LIGE-PL;Programação Orientada para Objectos;L5315PL05;IGE-B4, IGE-B3, IGE-B2, IGE-B1;26;Qui;09:30:00;11:00:00;13/10/2022;D1.14;27
LETI, LEI, LEI-PL, LIGE, LIGE-PL;Programação Orientada para Objectos;L5315PL05;IGE-B4, IGE-B3, IGE-B2, IGE-B1;26;Qui;09:30:00;11:00:00;06/10/2022;D1.14;27
LETI, LEI, LEI-PL, LIGE, LIGE-PL;Programação Orientada para Objectos;L5315PL05;IGE-B4, IGE-B3, IGE-B2, IGE-B1;26;Qui;09:30:00;11:00:00;29/09/2022;D1.14;27
LETI, LEI, LEI-PL, LIGE, LIGE-PL;Programação Orientada para Objectos;L5315PL05;IGE-B4, IGE-B3, IGE-B2, IGE-B1;26;Qui;09:30:00;11:00:00;22/09/2022;D1.14;27
LETI, LEI, LEI-PL, LIGE, LIGE-PL;Programação Orientada para Objectos;L5315PL05;IGE-B4, IGE-B3, IGE-B2, IGE-B1;26;Qui;09:30:00;11:00:00;15/09/2022;D1.14;27
CT;Organização Pessoal e Gestão do Tempo;00676TP01;CI-CT-01;30;Qui;11:00:00;12:30:00;03/11/2022;AA2.28;30
CT;Organização Pessoal e Gestão do Tempo;00676TP01;CI-CT-01;30;Qui;11:00:00;12:30:00;27/10/2022;AA2.28;30
CT;Organização Pessoal e Gestão do Tempo;00676TP01;CI-CT-01;30;Qui;11:00:00;12:30:00;20/10/2022;AA3.29;50
CT;Organização Pessoal e Gestão do Tempo;00676TP01;CI-CT-01;30;Qui;11:00:00;12:30:00;13/10/2022;AA2.28;30
CT;Organização Pessoal e Gestão do Tempo;00676TP01;CI-CT-01;30;Qui;11:00:00;12:30:00;06/10/2022;AA2.26;30
CT;Diversidade no Local de Trabalho;00664TP02;CI-CT-02;25;Seg;13:00:00;14:30:00;24/10/2022;1,00E+04;50
CT;Diversidade no Local de Trabalho;00664TP02;CI-CT-02;25;Seg;13:00:00;14:30:00;17/10/2022;1,00E+04;50
CT;Diversidade no Local de Trabalho;00664TP02;CI-CT-02;25;Seg;13:00:00;14:30:00;10/10/2022;1,00E+04;50
CT;Diversidade no Local de Trabalho;00664TP02;CI-CT-02;25;Seg;13:00:00;14:30:00;03/10/2022;1,00E+04;50
CT;Diversidade no Local de Trabalho;00664TP02;CI-CT-02;25;Seg;13:00:00;14:30:00;26/09/2022;1,00E+04;50
CT;Língua Espanhola;00670TP01;CI-CT-01;29;Sex;11:00:00;12:30:00;25/11/2022;C5.05;30
CT;Língua Espanhola;00670TP01;CI-CT-01;29;Sex;11:00:00;12:30:00;18/11/2022;C5.05;30
CT;Língua Espanhola;00670TP01;CI-CT-01;29;Sex;11:00:00;12:30:00;11/11/2022;C5.05;30
CT;Língua Espanhola;00670TP01;CI-CT-01;29;Sex;11:00:00;12:30:00;04/11/2022;C5.05;30
CT;Língua Espanhola;00670TP01;CI-CT-01;29;Sex;11:00:00;12:30:00;28/10/2022;C5.05;30
CT;Língua Espanhola;00670TP01;CI-CT-01;29;Sex;11:00:00;12:30:00;21/10/2022;C5.05;30
CT;Língua Espanhola;00670TP01;CI-CT-01;29;Sex;11:00:00;12:30:00;14/10/2022;C5.05;30
CT;Língua Espanhola;00670TP01;CI-CT-01;29;Sex;11:00:00;12:30:00;07/10/2022;C5.05;30
LETI, LEI, LEI-PL, LIGE, LIGE-PL;Fundamentos de Arquitectura de Computadores;L0705TP22;ET-A6, ET-A5, ET-A4, ET-A3, ET-A2, ET-A1;33;Ter;16:00:00;17:30:00;06/12/2022;C6.02;40
LETI, LEI, LEI-PL, LIGE, LIGE-PL;Fundamentos de Arquitectura de Computadores;L0705TP22;ET-A6, ET-A5, ET-A4, ET-A3, ET-A2, ET-A1;33;Ter;16:00:00;17:30:00;29/11/2022;C6.02;40
LETI, LEI, LEI-PL, LIGE, LIGE-PL;Fundamentos de Arquitectura de Computadores;L0705TP22;ET-A6, ET-A5, ET-A4, ET-A3, ET-A2, ET-A1;33;Ter;16:00:00;17:30:00;22/11/2022;C6.02;40
LETI, LEI, LEI-PL, LIGE, LIGE-PL;Fundamentos de Arquitectura de Computadores;L0705TP22;ET-A6, ET-A5, ET-A4, ET-A3, ET-A2, ET-A1;33;Ter;16:00:00;17:30:00;15/11/2022;C6.02;40
LETI, LEI, LEI-PL, LIGE, LIGE-PL;Fundamentos de Arquitectura de Computadores;L0705TP22;ET-A6, ET-A5, ET-A4, ET-A3, ET-A2, ET-A1;33;Ter;16:00:00;17:30:00;08/11/2022;C6.02;40
LETI, LEI, LEI-PL, LIGE, LIGE-PL;Fundamentos de Arquitectura de Computadores;L0705TP22;ET-A6, ET-A5, ET-A4, ET-A3, ET-A2, ET-A1;33;Ter;16:00:00;17:30:00;25/10/2022;C6.02;40
LETI, LEI, LEI-PL, LIGE, LIGE-PL;Fundamentos de Arquitectura de Computadores;L0705TP22;ET-A6, ET-A5, ET-A4, ET-A3, ET-A2, ET-A1;33;Ter;16:00:00;17:30:00;18/10/2022;C6.02;40
LETI, LEI, LEI-PL, LIGE, LIGE-PL;Fundamentos de Arquitectura de Computadores;L0705TP22;ET-A6, ET-A5, ET-A4, ET-A3, ET-A2, ET-A1;33;Ter;16:00:00;17:30:00;11/10/2022;C6.02;40
LETI, LEI, LEI-PL, LIGE, LIGE-PL;Fundamentos de Arquitectura de Computadores;L0705TP22;ET-A6, ET-A5, ET-A4, ET-A3, ET-A2, ET-A1;33;Ter;16:00:00;17:30:00;04/10/2022;C6.02;40
LETI, LEI, LEI-PL, LIGE, LIGE-PL;Fundamentos de Arquitectura de Computadores;L0705TP22;ET-A6, ET-A5, ET-A4, ET-A3, ET-A2, ET-A1;33;Ter;16:00:00;17:30:00;27/09/2022;C6.02;40
LETI, LEI, LEI-PL, LIGE, LIGE-PL;Fundamentos de Arquitectura de Computadores;L0705TP22;ET-A6, ET-A5, ET-A4, ET-A3, ET-A2, ET-A1;33;Ter;16:00:00;17:30:00;20/09/2022;C6.02;40
LETI, LEI, LEI-PL, LIGE, LIGE-PL;Fundamentos de Arquitectura de Computadores;L0705TP22;ET-A6, ET-A5, ET-A4, ET-A3, ET-A2, ET-A1;33;Ter;16:00:00;17:30:00;13/09/2022;;
LP;Métodos de Investigação Quantitativos;L5215TP06;PB3, PB1;49;Seg;11:00:00;12:30:00;05/12/2022;C5.02;46
LP;Métodos de Investigação Quantitativos;L5215TP06;PB3, PB1;49;Qui;13:00:00;14:30:00;15/12/2022;C5.08;58
LP;Métodos de Investigação Quantitativos;L5215TP06;PB3, PB1;49;Qui;13:00:00;14:30:00;24/11/2022;C5.08;58
LP;Métodos de Investigação Quantitativos;L5215TP06;PB3, PB1;49;Qui;13:00:00;14:30:00;17/11/2022;C5.08;58
LP;Métodos de Investigação Quantitativos;L5215TP06;PB3, PB1;49;Qui;13:00:00;14:30:00;10/11/2022;C5.08;58
LP;Métodos de Investigação Quantitativos;L5215TP06;PB3, PB1;49;Qui;13:00:00;14:30:00;03/11/2022;C5.08;58
LP;Métodos de Investigação Quantitativos;L5215TP06;PB3, PB1;49;Qui;13:00:00;14:30:00;27/10/2022;C5.08;58
LP;Métodos de Investigação Quantitativos;L5215TP06;PB3, PB1;49;Qui;13:00:00;14:30:00;20/10/2022;C5.08;58
LP;Métodos de Investigação Quantitativos;L5215TP06;PB3, PB1;49;Qui;13:00:00;14:30:00;13/10/2022;C5.08;58
LP;Métodos de Investigação Quantitativos;L5215TP06;PB3, PB1;49;Qui;13:00:00;14:30:00;06/10/2022;C5.08;58
LP;Métodos de Investigação Quantitativos;L5215TP06;PB3, PB1;49;Qui;13:00:00;14:30:00;29/09/2022;C5.08;58
LP;Métodos de Investigação Quantitativos;L5215TP06;PB3, PB1;49;Qui;13:00:00;14:30:00;22/09/2022;C3.01;54
LETI, LEI, LEI-PL, LIGE, LIGE-PL;Programação Orientada para Objectos;L5315PL09;EI-B4, EI-B3, EI-B2, EI-B1;34;Ter;09:30:00;11:00:00;06/12/2022;;
LETI, LEI, LEI-PL, LIGE, LIGE-PL;Programação Orientada para Objectos;L5315PL09;EI-B4, EI-B3, EI-B2, EI-B1;34;Ter;09:30:00;11:00:00;29/11/2022;D1.11;22
LETI, LEI, LEI-PL, LIGE, LIGE-PL;Programação Orientada para Objectos;L5315PL09;EI-B4, EI-B3, EI-B2, EI-B1;34;Ter;09:30:00;11:00:00;22/11/2022;D1.11;22
LETI, LEI, LEI-PL, LIGE, LIGE-PL;Programação Orientada para Objectos;L5315PL09;EI-B4, EI-B3, EI-B2, EI-B1;34;Ter;09:30:00;11:00:00;15/11/2022;D1.11;22
LETI, LEI, LEI-PL, LIGE, LIGE-PL;Programação Orientada para Objectos;L5315PL09;EI-B4, EI-B3, EI-B2, EI-B1;34;Ter;09:30:00;11:00:00;08/11/2022;D1.11;22
LETI, LEI, LEI-PL, LIGE, LIGE-PL;Programação Orientada para Objectos;L5315PL09;EI-B4, EI-B3, EI-B2, EI-B1;34;Ter;09:30:00;11:00:00;25/10/2022;D1.11;22
LETI, LEI, LEI-PL, LIGE, LIGE-PL;Programação Orientada para Objectos;L5315PL09;EI-B4, EI-B3, EI-B2, EI-B1;34;Ter;09:30:00;11:00:00;18/10/2022;D1.11;22
LETI, LEI, LEI-PL, LIGE, LIGE-PL;Programação Orientada para Objectos;L5315PL09;EI-B4, EI-B3, EI-B2, EI-B1;34;Ter;09:30:00;11:00:00;11/10/2022;D1.11;22
LETI, LEI, LEI-PL, LIGE, LIGE-PL;Programação Orientada para Objectos;L5315PL09;EI-B4, EI-B3, EI-B2, EI-B1;34;Ter;09:30:00;11:00:00;04/10/2022;D1.11;22
LETI, LEI, LEI-PL, LIGE, LIGE-PL;Programação Orientada para Objectos;L5315PL09;EI-B4, EI-B3, EI-B2, EI-B1;34;Ter;09:30:00;11:00:00;27/09/2022;D1.11;22
LETI, LEI, LEI-PL, LIGE, LIGE-PL;Programação Orientada para Objectos;L5315PL09;EI-B4, EI-B3, EI-B2, EI-B1;34;Ter;09:30:00;11:00:00;20/09/2022;D1.11;22
LETI, LEI, LEI-PL, LIGE, LIGE-PL;Programação Orientada para Objectos;L5315PL09;EI-B4, EI-B3, EI-B2, EI-B1;34;Ter;09:30:00;11:00:00;13/09/2022;D1.11;22
LETI, LEI, LEI-PL, LIGE, LIGE-PL;Programação Orientada para Objectos;L5315PL09;EI-B4, EI-B3, EI-B2, EI-B1;34;Ter;11:00:00;12:30:00;06/12/2022;;
LETI, LEI, LEI-PL, LIGE, LIGE-PL;Programação Orientada para Objectos;L5315PL09;EI-B4, EI-B3, EI-B2, EI-B1;34;Ter;11:00:00;12:30:00;29/11/2022;D1.11;22
LETI, LEI, LEI-PL, LIGE, LIGE-PL;Programação Orientada para Objectos;L5315PL09;EI-B4, EI-B3, EI-B2, EI-B1;34;Ter;11:00:00;12:30:00;22/11/2022;D1.11;22
LETI, LEI, LEI-PL, LIGE, LIGE-PL;Programação Orientada para Objectos;L5315PL09;EI-B4, EI-B3, EI-B2, EI-B1;34;Ter;11:00:00;12:30:00;15/11/2022;D1.11;22
LETI, LEI, LEI-PL, LIGE, LIGE-PL;Programação Orientada para Objectos;L5315PL09;EI-B4, EI-B3, EI-B2, EI-B1;34;Ter;11:00:00;12:30:00;08/11/2022;D1.11;22
LETI, LEI, LEI-PL, LIGE, LIGE-PL;Programação Orientada para Objectos;L5315PL09;EI-B4, EI-B3, EI-B2, EI-B1;34;Ter;11:00:00;12:30:00;25/10/2022;D1.11;22
LETI, LEI, LEI-PL, LIGE, LIGE-PL;Programação Orientada para Objectos;L5315PL09;EI-B4, EI-B3, EI-B2, EI-B1;34;Ter;11:00:00;12:30:00;18/10/2022;D1.11;22
LETI, LEI, LEI-PL, LIGE, LIGE-PL;Programação Orientada para Objectos;L5315PL09;EI-B4, EI-B3, EI-B2, EI-B1;34;Ter;11:00:00;12:30:00;11/10/2022;D1.11;22
LETI, LEI, LEI-PL, LIGE, LIGE-PL;Programação Orientada para Objectos;L5315PL09;EI-B4, EI-B3, EI-B2, EI-B1;34;Ter;11:00:00;12:30:00;04/10/2022;D1.11;22
LETI, LEI, LEI-PL, LIGE, LIGE-PL;Programação Orientada para Objectos;L5315PL09;EI-B4, EI-B3, EI-B2, EI-B1;34;Ter;11:00:00;12:30:00;27/09/2022;D1.11;22
LETI, LEI, LEI-PL, LIGE, LIGE-PL;Programação Orientada para Objectos;L5315PL09;EI-B4, EI-B3, EI-B2, EI-B1;34;Ter;11:00:00;12:30:00;20/09/2022;D1.11;22
LETI, LEI, LEI-PL, LIGE, LIGE-PL;Programação Orientada para Objectos;L5315PL09;EI-B4, EI-B3, EI-B2, EI-B1;34;Ter;11:00:00;12:30:00;13/09/2022;D1.11;22
LP;Percepção, Atenção e Memória;L5209TP05;PA4, PA2;67;Ter;09:30:00;11:00:00;13/12/2022;C5.06;70
LP;Percepção, Atenção e Memória;L5209TP05;PA4, PA2;67;Ter;09:30:00;11:00:00;06/12/2022;C5.06;70
LP;Percepção, Atenção e Memória;L5209TP05;PA4, PA2;67;Ter;09:30:00;11:00:00;29/11/2022;C5.06;70
LP;Percepção, Atenção e Memória;L5209TP05;PA4, PA2;67;Ter;09:30:00;11:00:00;15/11/2022;C5.06;70
LP;Percepção, Atenção e Memória;L5209TP05;PA4, PA2;67;Ter;09:30:00;11:00:00;08/11/2022;C5.06;70
LP;Percepção, Atenção e Memória;L5209TP05;PA4, PA2;67;Ter;09:30:00;11:00:00;18/10/2022;C5.06;70
LP;Percepção, Atenção e Memória;L5209TP05;PA4, PA2;67;Ter;09:30:00;11:00:00;11/10/2022;C5.06;70
LP;Percepção, Atenção e Memória;L5209TP05;PA4, PA2;67;Ter;09:30:00;11:00:00;04/10/2022;C5.06;70
LP;Percepção, Atenção e Memória;L5209TP05;PA4, PA2;67;Ter;09:30:00;11:00:00;27/09/2022;C5.06;70
LP;Percepção, Atenção e Memória;L5209TP05;PA4, PA2;67;Ter;09:30:00;11:00:00;20/09/2022;C5.06;70
LETI, LEI, LEI-PL, LIGE, LIGE-PL;Introdução à Programação;L0782PL19;EI-PL-A1;29;Qua;21:00:00;22:30:00;14/12/2022;D1.01;35
LETI, LEI, LEI-PL, LIGE, LIGE-PL;Introdução à Programação;L0782PL19;EI-PL-A1;29;Qua;21:00:00;22:30:00;07/12/2022;D1.01;35
LETI, LEI, LEI-PL, LIGE, LIGE-PL;Introdução à Programação;L0782PL19;EI-PL-A1;29;Qua;21:00:00;22:30:00;30/11/2022;D1.01;35
LETI, LEI, LEI-PL, LIGE, LIGE-PL;Introdução à Programação;L0782PL19;EI-PL-A1;29;Qua;21:00:00;22:30:00;23/11/2022;D1.01;35
LETI, LEI, LEI-PL, LIGE, LIGE-PL;Introdução à Programação;L0782PL19;EI-PL-A1;29;Qua;21:00:00;22:30:00;16/11/2022;D1.01;35
LETI, LEI, LEI-PL, LIGE, LIGE-PL;Introdução à Programação;L0782PL19;EI-PL-A1;29;Qua;21:00:00;22:30:00;09/11/2022;D1.01;35
LETI, LEI, LEI-PL, LIGE, LIGE-PL;Introdução à Programação;L0782PL19;EI-PL-A1;29;Qua;21:00:00;22:30:00;26/10/2022;D1.01;35
LETI, LEI, LEI-PL, LIGE, LIGE-PL;Introdução à Programação;L0782PL19;EI-PL-A1;29;Qua;21:00:00;22:30:00;19/10/2022;D1.01;35
LETI, LEI, LEI-PL, LIGE, LIGE-PL;Introdução à Programação;L0782PL19;EI-PL-A1;29;Qua;21:00:00;22:30:00;12/10/2022;D1.01;35
LETI, LEI, LEI-PL, LIGE, LIGE-PL;Introdução à Programação;L0782PL19;EI-PL-A1;29;Qua;21:00:00;22:30:00;28/09/2022;D1.01;35
LETI, LEI, LEI-PL, LIGE, LIGE-PL;Introdução à Programação;L0782PL19;EI-PL-A1;29;Qua;21:00:00;22:30:00;21/09/2022;D1.01;35
LETI, LEI, LEI-PL, LIGE, LIGE-PL;Introdução à Programação;L0782PL19;EI-PL-A1;29;Qua;21:00:00;22:30:00;14/09/2022;;
LETI, LEI, LEI-PL, LIGE, LIGE-PL;Introdução à Programação;L0782PL19;EI-PL-A1;29;Qua;19:30:00;21:00:00;14/12/2022;D1.01;35
LETI, LEI, LEI-PL, LIGE, LIGE-PL;Introdução à Programação;L0782PL19;EI-PL-A1;29;Qua;19:30:00;21:00:00;07/12/2022;D1.01;35
LETI, LEI, LEI-PL, LIGE, LIGE-PL;Introdução à Programação;L0782PL19;EI-PL-A1;29;Qua;19:30:00;21:00:00;30/11/2022;D1.01;35
LETI, LEI, LEI-PL, LIGE, LIGE-PL;Introdução à Programação;L0782PL19;EI-PL-A1;29;Qua;19:30:00;21:00:00;23/11/2022;D1.01;35
LETI, LEI, LEI-PL, LIGE, LIGE-PL;Introdução à Programação;L0782PL19;EI-PL-A1;29;Qua;19:30:00;21:00:00;16/11/2022;D1.01;35
LETI, LEI, LEI-PL, LIGE, LIGE-PL;Introdução à Programação;L0782PL19;EI-PL-A1;29;Qua;19:30:00;21:00:00;09/11/2022;D1.01;35
LETI, LEI, LEI-PL, LIGE, LIGE-PL;Introdução à Programação;L0782PL19;EI-PL-A1;29;Qua;19:30:00;21:00:00;26/10/2022;D1.01;35
LETI, LEI, LEI-PL, LIGE, LIGE-PL;Introdução à Programação;L0782PL19;EI-PL-A1;29;Qua;19:30:00;21:00:00;19/10/2022;D1.01;35
LETI, LEI, LEI-PL, LIGE, LIGE-PL;Introdução à Programação;L0782PL19;EI-PL-A1;29;Qua;19:30:00;21:00:00;12/10/2022;D1.01;35
LETI, LEI, LEI-PL, LIGE, LIGE-PL;Introdução à Programação;L0782PL19;EI-PL-A1;29;Qua;19:30:00;21:00:00;28/09/2022;D1.01;35
LETI, LEI, LEI-PL, LIGE, LIGE-PL;Introdução à Programação;L0782PL19;EI-PL-A1;29;Qua;19:30:00;21:00:00;21/09/2022;D1.01;35
LETI, LEI, LEI-PL, LIGE, LIGE-PL;Introdução à Programação;L0782PL19;EI-PL-A1;29;Qua;19:30:00;21:00:00;14/09/2022;;
ME;Crescimento Económico (2º Ciclo);M8650TP01;MEA1;26;Sex;16:00:00;17:30:00;07/10/2022;;
ME;Crescimento Económico (2º Ciclo);M8650TP01;MEA1;26;Qua;13:00:00;14:30:00;12/10/2022;AA2.25;34
ME;Crescimento Económico (2º Ciclo);M8650TP01;MEA1;26;Qua;13:00:00;14:30:00;28/09/2022;AA2.25;34
ME;Crescimento Económico (2º Ciclo);M8650TP01;MEA1;26;Qua;13:00:00;14:30:00;21/09/2022;AA2.25;34
ME;Crescimento Económico (2º Ciclo);M8650TP01;MEA1;26;Qua;13:00:00;14:30:00;14/09/2022;AA2.25;34
ME;Crescimento Económico (2º Ciclo);M8650TP01;MEA1;26;Ter;14:30:00;16:00:00;11/10/2022;AA2.25;34
ME;Crescimento Económico (2º Ciclo);M8650TP01;MEA1;26;Ter;14:30:00;16:00:00;04/10/2022;AA2.25;34
ME;Crescimento Económico (2º Ciclo);M8650TP01;MEA1;26;Ter;14:30:00;16:00:00;27/09/2022;AA2.25;34
ME;Crescimento Económico (2º Ciclo);M8650TP01;MEA1;26;Ter;14:30:00;16:00:00;20/09/2022;AA2.25;34
ME;Crescimento Económico (2º Ciclo);M8650TP01;MEA1;26;Ter;14:30:00;16:00:00;13/09/2022;AA2.25;34
ME;Crescimento Económico (2º Ciclo);M8650TP01;MEA1;26;Seg;14:30:00;16:00:00;10/10/2022;AA2.25;34
ME;Crescimento Económico (2º Ciclo);M8650TP01;MEA1;26;Seg;14:30:00;16:00:00;03/10/2022;AA2.25;34
ME;Crescimento Económico (2º Ciclo);M8650TP01;MEA1;26;Seg;14:30:00;16:00:00;26/09/2022;AA2.25;34
ME;Crescimento Económico (2º Ciclo);M8650TP01;MEA1;26;Seg;14:30:00;16:00:00;19/09/2022;AA2.25;34
ME;Crescimento Económico (2º Ciclo);M8650TP01;MEA1;26;Seg;14:30:00;16:00:00;12/09/2022;AA2.25;34
ME;Crescimento Económico (2º Ciclo);M8650TP01;MEA1;26;Qui;16:00:00;17:30:00;13/10/2022;AA2.25;34
ME;Crescimento Económico (2º Ciclo);M8650TP01;MEA1;26;Qui;16:00:00;17:30:00;06/10/2022;AA2.25;34
ME;Crescimento Económico (2º Ciclo);M8650TP01;MEA1;26;Qui;16:00:00;17:30:00;29/09/2022;AA2.25;34
ME;Crescimento Económico (2º Ciclo);M8650TP01;MEA1;26;Qui;16:00:00;17:30:00;22/09/2022;AA2.25;34
ME;Crescimento Económico (2º Ciclo);M8650TP01;MEA1;26;Qui;16:00:00;17:30:00;15/09/2022;AA2.25;34
LETI, LEI, LEI-PL, LIGE, LIGE-PL;Arquitetura de Redes;03708T03;IGE-PL-C2, IGE-PL-C1, EI-PL-C2, EI-PL-C1;96;Seg;19:30:00;21:00:00;28/11/2022;;
LETI, LEI, LEI-PL, LIGE, LIGE-PL;Arquitetura de Redes;03708T03;IGE-PL-C2, IGE-PL-C1, EI-PL-C2, EI-PL-C1;96;Seg;19:30:00;21:00:00;21/11/2022;Auditório 1;120
LETI, LEI, LEI-PL, LIGE, LIGE-PL;Arquitetura de Redes;03708T03;IGE-PL-C2, IGE-PL-C1, EI-PL-C2, EI-PL-C1;96;Seg;19:30:00;21:00:00;14/11/2022;Auditório 1;120
LETI, LEI, LEI-PL, LIGE, LIGE-PL;Arquitetura de Redes;03708T03;IGE-PL-C2, IGE-PL-C1, EI-PL-C2, EI-PL-C1;96;Seg;19:30:00;21:00:00;07/11/2022;Auditório 1;120
LETI, LEI, LEI-PL, LIGE, LIGE-PL;Arquitetura de Redes;03708T03;IGE-PL-C2, IGE-PL-C1, EI-PL-C2, EI-PL-C1;96;Seg;19:30:00;21:00:00;31/10/2022;Auditório 1;120
LETI, LEI, LEI-PL, LIGE, LIGE-PL;Arquitetura de Redes;03708T03;IGE-PL-C2, IGE-PL-C1, EI-PL-C2, EI-PL-C1;96;Seg;19:30:00;21:00:00;24/10/2022;Auditório 1;120
LETI, LEI, LEI-PL, LIGE, LIGE-PL;Arquitetura de Redes;03708T03;IGE-PL-C2, IGE-PL-C1, EI-PL-C2, EI-PL-C1;96;Seg;19:30:00;21:00:00;17/10/2022;Auditório 1;120
LETI, LEI, LEI-PL, LIGE, LIGE-PL;Arquitetura de Redes;03708T03;IGE-PL-C2, IGE-PL-C1, EI-PL-C2, EI-PL-C1;96;Seg;19:30:00;21:00:00;10/10/2022;Auditório 1;120
LETI, LEI, LEI-PL, LIGE, LIGE-PL;Arquitetura de Redes;03708T03;IGE-PL-C2, IGE-PL-C1, EI-PL-C2, EI-PL-C1;96;Seg;19:30:00;21:00:00;03/10/2022;Auditório 1;120
LETI, LEI, LEI-PL, LIGE, LIGE-PL;Arquitetura de Redes;03708T03;IGE-PL-C2, IGE-PL-C1, EI-PL-C2, EI-PL-C1;96;Seg;19:30:00;21:00:00;26/09/2022;Auditório 1;120
LETI, LEI, LEI-PL, LIGE, LIGE-PL;Arquitetura de Redes;03708T03;IGE-PL-C2, IGE-PL-C1, EI-PL-C2, EI-PL-C1;96;Seg;19:30:00;21:00:00;19/09/2022;Auditório 1;120
LETI, LEI, LEI-PL, LIGE, LIGE-PL;Arquitetura de Redes;03708T03;IGE-PL-C2, IGE-PL-C1, EI-PL-C2, EI-PL-C1;96;Seg;19:30:00;21:00:00;12/09/2022;Auditório 0NE03 - Mário Murteira;89
LETI, LEI, LEI-PL, LIGE, LIGE-PL;Fundamentos de Arquitectura de Computadores;L0705T05;IGE-A9, IGE-A8, IGE-A7, IGE-A6, IGE-A5, IGE-A4, IGE-A3, IGE-A2, IGE-A12, IGE-A11, IGE-A10, IGE-A1;85;Seg;14:30:00;16:00:00;05/12/2022;Auditório B2.04;192
LETI, LEI, LEI-PL, LIGE, LIGE-PL;Fundamentos de Arquitectura de Computadores;L0705T05;IGE-A9, IGE-A8, IGE-A7, IGE-A6, IGE-A5, IGE-A4, IGE-A3, IGE-A2, IGE-A12, IGE-A11, IGE-A10, IGE-A1;85;Seg;14:30:00;16:00:00;28/11/2022;Auditório B2.04;192
LETI, LEI, LEI-PL, LIGE, LIGE-PL;Fundamentos de Arquitectura de Computadores;L0705T05;IGE-A9, IGE-A8, IGE-A7, IGE-A6, IGE-A5, IGE-A4, IGE-A3, IGE-A2, IGE-A12, IGE-A11, IGE-A10, IGE-A1;85;Seg;14:30:00;16:00:00;21/11/2022;Auditório B2.04;192
LETI, LEI, LEI-PL, LIGE, LIGE-PL;Fundamentos de Arquitectura de Computadores;L0705T05;IGE-A9, IGE-A8, IGE-A7, IGE-A6, IGE-A5, IGE-A4, IGE-A3, IGE-A2, IGE-A12, IGE-A11, IGE-A10, IGE-A1;85;Seg;14:30:00;16:00:00;14/11/2022;Auditório B2.04;192
LETI, LEI, LEI-PL, LIGE, LIGE-PL;Fundamentos de Arquitectura de Computadores;L0705T05;IGE-A9, IGE-A8, IGE-A7, IGE-A6, IGE-A5, IGE-A4, IGE-A3, IGE-A2, IGE-A12, IGE-A11, IGE-A10, IGE-A1;85;Seg;14:30:00;16:00:00;07/11/2022;Auditório B2.04;192
LETI, LEI, LEI-PL, LIGE, LIGE-PL;Fundamentos de Arquitectura de Computadores;L0705T05;IGE-A9, IGE-A8, IGE-A7, IGE-A6, IGE-A5, IGE-A4, IGE-A3, IGE-A2, IGE-A12, IGE-A11, IGE-A10, IGE-A1;85;Seg;14:30:00;16:00:00;24/10/2022;Auditório B2.04;192
LETI, LEI, LEI-PL, LIGE, LIGE-PL;Fundamentos de Arquitectura de Computadores;L0705T05;IGE-A9, IGE-A8, IGE-A7, IGE-A6, IGE-A5, IGE-A4, IGE-A3, IGE-A2, IGE-A12, IGE-A11, IGE-A10, IGE-A1;85;Seg;14:30:00;16:00:00;17/10/2022;Auditório B2.04;192
LETI, LEI, LEI-PL, LIGE, LIGE-PL;Fundamentos de Arquitectura de Computadores;L0705T05;IGE-A9, IGE-A8, IGE-A7, IGE-A6, IGE-A5, IGE-A4, IGE-A3, IGE-A2, IGE-A12, IGE-A11, IGE-A10, IGE-A1;85;Seg;14:30:00;16:00:00;10/10/2022;Auditório B2.04;192
LETI, LEI, LEI-PL, LIGE, LIGE-PL;Fundamentos de Arquitectura de Computadores;L0705T05;IGE-A9, IGE-A8, IGE-A7, IGE-A6, IGE-A5, IGE-A4, IGE-A3, IGE-A2, IGE-A12, IGE-A11, IGE-A10, IGE-A1;85;Seg;14:30:00;16:00:00;03/10/2022;Auditório B2.04;192
LETI, LEI, LEI-PL, LIGE, LIGE-PL;Fundamentos de Arquitectura de Computadores;L0705T05;IGE-A9, IGE-A8, IGE-A7, IGE-A6, IGE-A5, IGE-A4, IGE-A3, IGE-A2, IGE-A12, IGE-A11, IGE-A10, IGE-A1;85;Seg;14:30:00;16:00:00;26/09/2022;Auditório B2.04;192
LETI, LEI, LEI-PL, LIGE, LIGE-PL;Fundamentos de Arquitectura de Computadores;L0705T05;IGE-A9, IGE-A8, IGE-A7, IGE-A6, IGE-A5, IGE-A4, IGE-A3, IGE-A2, IGE-A12, IGE-A11, IGE-A10, IGE-A1;85;Seg;14:30:00;16:00:00;19/09/2022;Auditório B2.04;192
LETI, LEI, LEI-PL, LIGE, LIGE-PL;Fundamentos de Arquitectura de Computadores;L0705T05;IGE-A9, IGE-A8, IGE-A7, IGE-A6, IGE-A5, IGE-A4, IGE-A3, IGE-A2, IGE-A12, IGE-A11, IGE-A10, IGE-A1;85;Seg;14:30:00;16:00:00;12/09/2022;;
LP;Percepção de Pessoas e Relações Interpessoais;L5211TP04;PC4, PC3, PC2, PC1;74;Ter;13:00:00;14:30:00;13/12/2022;Auditório 0NE02-Caiano Pereira;89
LP;Percepção de Pessoas e Relações Interpessoais;L5211TP04;PC4, PC3, PC2, PC1;74;Ter;13:00:00;14:30:00;06/12/2022;Auditório 0NE02-Caiano Pereira;89
LP;Percepção de Pessoas e Relações Interpessoais;L5211TP04;PC4, PC3, PC2, PC1;74;Ter;13:00:00;14:30:00;29/11/2022;Auditório 0NE02-Caiano Pereira;89
LP;Percepção de Pessoas e Relações Interpessoais;L5211TP04;PC4, PC3, PC2, PC1;74;Ter;13:00:00;14:30:00;22/11/2022;Auditório 0NE02-Caiano Pereira;89
LP;Percepção de Pessoas e Relações Interpessoais;L5211TP04;PC4, PC3, PC2, PC1;74;Ter;13:00:00;14:30:00;15/11/2022;Auditório 0NE02-Caiano Pereira;89
LP;Percepção de Pessoas e Relações Interpessoais;L5211TP04;PC4, PC3, PC2, PC1;74;Ter;13:00:00;14:30:00;08/11/2022;Auditório 0NE02-Caiano Pereira;89
LP;Percepção de Pessoas e Relações Interpessoais;L5211TP04;PC4, PC3, PC2, PC1;74;Ter;13:00:00;14:30:00;25/10/2022;Auditório 0NE02-Caiano Pereira;89
LP;Percepção de Pessoas e Relações Interpessoais;L5211TP04;PC4, PC3, PC2, PC1;74;Ter;13:00:00;14:30:00;18/10/2022;Auditório 0NE02-Caiano Pereira;89
LP;Percepção de Pessoas e Relações Interpessoais;L5211TP04;PC4, PC3, PC2, PC1;74;Ter;13:00:00;14:30:00;11/10/2022;Auditório 0NE02-Caiano Pereira;89
LP;Percepção de Pessoas e Relações Interpessoais;L5211TP04;PC4, PC3, PC2, PC1;74;Ter;13:00:00;14:30:00;04/10/2022;Auditório 0NE02-Caiano Pereira;89
LP;Percepção de Pessoas e Relações Interpessoais;L5211TP04;PC4, PC3, PC2, PC1;74;Ter;13:00:00;14:30:00;27/09/2022;Auditório 0NE02-Caiano Pereira;89
LP;Percepção de Pessoas e Relações Interpessoais;L5211TP04;PC4, PC3, PC2, PC1;74;Ter;13:00:00;14:30:00;20/09/2022;Auditório 0NE02-Caiano Pereira;89
CT;Competências para o Mercado de Trabalho;02256TP01;CI-CT-01;32;Seg;09:30:00;12:30:00;24/10/2022;1,00E+07;50
CT;Competências para o Mercado de Trabalho;02256TP01;CI-CT-01;32;Seg;09:30:00;12:30:00;17/10/2022;1,00E+07;50
CT;Competências para o Mercado de Trabalho;02256TP01;CI-CT-01;32;Seg;09:30:00;12:30:00;10/10/2022;1,00E+07;50
CT;Competências para o Mercado de Trabalho;02256TP01;CI-CT-01;32;Seg;09:30:00;12:30:00;03/10/2022;;
CT;Competências para o Mercado de Trabalho;02256TP01;CI-CT-01;32;Seg;09:30:00;12:30:00;26/09/2022;1,00E+07;50
LETI, LEI, LEI-PL, LIGE, LIGE-PL;Fundamentos de Arquitectura de Computadores;L0705PL08;ET-A9, ET-A8, ET-A7;21;Qua;13:00:00;14:30:00;14/12/2022;C7.10;80
LETI, LEI, LEI-PL, LIGE, LIGE-PL;Fundamentos de Arquitectura de Computadores;L0705PL08;ET-A9, ET-A8, ET-A7;21;Qua;13:00:00;14:30:00;07/12/2022;C7.10;80
LETI, LEI, LEI-PL, LIGE, LIGE-PL;Fundamentos de Arquitectura de Computadores;L0705PL08;ET-A9, ET-A8, ET-A7;21;Qua;13:00:00;14:30:00;30/11/2022;C7.10;80
LETI, LEI, LEI-PL, LIGE, LIGE-PL;Fundamentos de Arquitectura de Computadores;L0705PL08;ET-A9, ET-A8, ET-A7;21;Qua;13:00:00;14:30:00;23/11/2022;C7.10;80
LETI, LEI, LEI-PL, LIGE, LIGE-PL;Fundamentos de Arquitectura de Computadores;L0705PL08;ET-A9, ET-A8, ET-A7;21;Qua;13:00:00;14:30:00;16/11/2022;C7.10;80
LETI, LEI, LEI-PL, LIGE, LIGE-PL;Fundamentos de Arquitectura de Computadores;L0705PL08;ET-A9, ET-A8, ET-A7;21;Qua;13:00:00;14:30:00;09/11/2022;C7.10;80
LETI, LEI, LEI-PL, LIGE, LIGE-PL;Fundamentos de Arquitectura de Computadores;L0705PL08;ET-A9, ET-A8, ET-A7;21;Qua;13:00:00;14:30:00;26/10/2022;C7.10;80
LETI, LEI, LEI-PL, LIGE, LIGE-PL;Fundamentos de Arquitectura de Computadores;L0705PL08;ET-A9, ET-A8, ET-A7;21;Qua;13:00:00;14:30:00;19/10/2022;C7.10;80
LETI, LEI, LEI-PL, LIGE, LIGE-PL;Fundamentos de Arquitectura de Computadores;L0705PL08;ET-A9, ET-A8, ET-A7;21;Qua;13:00:00;14:30:00;12/10/2022;C7.10;80
LETI, LEI, LEI-PL, LIGE, LIGE-PL;Fundamentos de Arquitectura de Computadores;L0705PL08;ET-A9, ET-A8, ET-A7;21;Qua;13:00:00;14:30:00;28/09/2022;C7.10;80
LETI, LEI, LEI-PL, LIGE, LIGE-PL;Fundamentos de Arquitectura de Computadores;L0705PL08;ET-A9, ET-A8, ET-A7;21;Qua;13:00:00;14:30:00;21/09/2022;C7.10;80
LETI, LEI, LEI-PL, LIGE, LIGE-PL;Fundamentos de Arquitectura de Computadores;L0705PL08;ET-A9, ET-A8, ET-A7;21;Qua;13:00:00;14:30:00;14/09/2022;;
CT;Competências para o Mercado de Trabalho;02256TP02;CI-CT-02;31;Seg;09:30:00;12:30:00;05/12/2022;2,00E+03;50
CT;Competências para o Mercado de Trabalho;02256TP02;CI-CT-02;31;Seg;09:30:00;12:30:00;28/11/2022;2,00E+03;50
CT;Competências para o Mercado de Trabalho;02256TP02;CI-CT-02;31;Seg;09:30:00;12:30:00;21/11/2022;2,00E+03;50
CT;Competências para o Mercado de Trabalho;02256TP02;CI-CT-02;31;Seg;09:30:00;12:30:00;14/11/2022;;
CT;Competências para o Mercado de Trabalho;02256TP02;CI-CT-02;31;Seg;09:30:00;12:30:00;07/11/2022;2,00E+03;50
CT;Apresentações Profissionais;02247TP03;CI-CT-03;25;Qua;09:30:00;12:30:00;09/11/2022;AA2.28;30
CT;Apresentações Profissionais;02247TP03;CI-CT-03;25;Qua;09:30:00;12:30:00;02/11/2022;AA2.28;30
CT;Apresentações Profissionais;02247TP03;CI-CT-03;25;Qua;09:30:00;12:30:00;26/10/2022;AA2.28;30
CT;Apresentações Profissionais;02247TP03;CI-CT-03;25;Qua;09:30:00;12:30:00;19/10/2022;AA2.24;30
CT;Apresentações Profissionais;02247TP03;CI-CT-03;25;Qua;09:30:00;12:30:00;12/10/2022;AA2.28;30
LP;Estatística e Análise de Dados III;L5242TP01;PC3, PC1;52;Qui;16:00:00;17:30:00;29/09/2022;C3.01;54
LP;Estatística e Análise de Dados III;L5242TP01;PC3, PC1;52;Qui;14:30:00;16:00:00;29/09/2022;C3.01;54
LP;Estatística e Análise de Dados III;L5242TP01;PC3, PC1;52;Seg;14:30:00;16:00:00;28/11/2022;C4.01;52
LP;Estatística e Análise de Dados III;L5242TP01;PC3, PC1;52;Seg;14:30:00;16:00:00;14/11/2022;C4.01;52
LP;Estatística e Análise de Dados III;L5242TP01;PC3, PC1;52;Seg;14:30:00;16:00:00;17/10/2022;C4.01;52
LP;Estatística e Análise de Dados III;L5242TP01;PC3, PC1;52;Seg;14:30:00;16:00:00;10/10/2022;C4.01;52
LP;Estatística e Análise de Dados III;L5242TP01;PC3, PC1;52;Seg;14:30:00;16:00:00;19/09/2022;C4.01;52
LP;Estatística e Análise de Dados III;L5242TP01;PC3, PC1;52;Seg;13:00:00;14:30:00;28/11/2022;C4.01;52
LP;Estatística e Análise de Dados III;L5242TP01;PC3, PC1;52;Seg;13:00:00;14:30:00;14/11/2022;C4.01;52
LP;Estatística e Análise de Dados III;L5242TP01;PC3, PC1;52;Seg;13:00:00;14:30:00;17/10/2022;C4.01;52
LP;Estatística e Análise de Dados III;L5242TP01;PC3, PC1;52;Seg;13:00:00;14:30:00;10/10/2022;C4.01;52
LP;Estatística e Análise de Dados III;L5242TP01;PC3, PC1;52;Seg;13:00:00;14:30:00;19/09/2022;C4.01;52
LETI, LEI, LEI-PL, LIGE, LIGE-PL;Bases de Dados;03724PL16;EI-PL-B1;18;Qua;21:00:00;22:30:00;14/12/2022;;
LETI, LEI, LEI-PL, LIGE, LIGE-PL;Bases de Dados;03724PL16;EI-PL-B1;18;Qua;21:00:00;22:30:00;07/12/2022;D1.12;27
LETI, LEI, LEI-PL, LIGE, LIGE-PL;Bases de Dados;03724PL16;EI-PL-B1;18;Qua;21:00:00;22:30:00;30/11/2022;D1.12;27
LETI, LEI, LEI-PL, LIGE, LIGE-PL;Bases de Dados;03724PL16;EI-PL-B1;18;Qua;21:00:00;22:30:00;23/11/2022;D1.12;27
LETI, LEI, LEI-PL, LIGE, LIGE-PL;Bases de Dados;03724PL16;EI-PL-B1;18;Qua;21:00:00;22:30:00;16/11/2022;D1.12;27
LETI, LEI, LEI-PL, LIGE, LIGE-PL;Bases de Dados;03724PL16;EI-PL-B1;18;Qua;21:00:00;22:30:00;09/11/2022;D1.12;27
LETI, LEI, LEI-PL, LIGE, LIGE-PL;Bases de Dados;03724PL16;EI-PL-B1;18;Qua;21:00:00;22:30:00;26/10/2022;D1.12;27
LETI, LEI, LEI-PL, LIGE, LIGE-PL;Bases de Dados;03724PL16;EI-PL-B1;18;Qua;21:00:00;22:30:00;19/10/2022;D1.12;27
LETI, LEI, LEI-PL, LIGE, LIGE-PL;Bases de Dados;03724PL16;EI-PL-B1;18;Qua;21:00:00;22:30:00;12/10/2022;D1.12;27
LETI, LEI, LEI-PL, LIGE, LIGE-PL;Bases de Dados;03724PL16;EI-PL-B1;18;Qua;21:00:00;22:30:00;28/09/2022;D1.09;50
LETI, LEI, LEI-PL, LIGE, LIGE-PL;Bases de Dados;03724PL16;EI-PL-B1;18;Qua;21:00:00;22:30:00;21/09/2022;D1.09;50
LETI, LEI, LEI-PL, LIGE, LIGE-PL;Bases de Dados;03724PL16;EI-PL-B1;18;Qua;21:00:00;22:30:00;14/09/2022;D1.09;50
LETI, LEI, LEI-PL, LIGE, LIGE-PL;Bases de Dados;03724PL16;EI-PL-B1;18;Qua;19:30:00;21:00:00;14/12/2022;;
LETI, LEI, LEI-PL, LIGE, LIGE-PL;Bases de Dados;03724PL16;EI-PL-B1;18;Qua;19:30:00;21:00:00;07/12/2022;D1.12;27
LETI, LEI, LEI-PL, LIGE, LIGE-PL;Bases de Dados;03724PL16;EI-PL-B1;18;Qua;19:30:00;21:00:00;30/11/2022;D1.12;27
LETI, LEI, LEI-PL, LIGE, LIGE-PL;Bases de Dados;03724PL16;EI-PL-B1;18;Qua;19:30:00;21:00:00;23/11/2022;D1.12;27
LETI, LEI, LEI-PL, LIGE, LIGE-PL;Bases de Dados;03724PL16;EI-PL-B1;18;Qua;19:30:00;21:00:00;16/11/2022;D1.12;27
LETI, LEI, LEI-PL, LIGE, LIGE-PL;Bases de Dados;03724PL16;EI-PL-B1;18;Qua;19:30:00;21:00:00;09/11/2022;D1.12;27
LETI, LEI, LEI-PL, LIGE, LIGE-PL;Bases de Dados;03724PL16;EI-PL-B1;18;Qua;19:30:00;21:00:00;26/10/2022;D1.12;27
LETI, LEI, LEI-PL, LIGE, LIGE-PL;Bases de Dados;03724PL16;EI-PL-B1;18;Qua;19:30:00;21:00:00;19/10/2022;D1.12;27
LETI, LEI, LEI-PL, LIGE, LIGE-PL;Bases de Dados;03724PL16;EI-PL-B1;18;Qua;19:30:00;21:00:00;12/10/2022;D1.12;27
LETI, LEI, LEI-PL, LIGE, LIGE-PL;Bases de Dados;03724PL16;EI-PL-B1;18;Qua;19:30:00;21:00:00;28/09/2022;D1.09;50
LETI, LEI, LEI-PL, LIGE, LIGE-PL;Bases de Dados;03724PL16;EI-PL-B1;18;Qua;19:30:00;21:00:00;21/09/2022;D1.09;50
LETI, LEI, LEI-PL, LIGE, LIGE-PL;Bases de Dados;03724PL16;EI-PL-B1;18;Qua;19:30:00;21:00:00;14/09/2022;D1.09;50
CT;Introdução à Sustentabilidade;03657TP03;CI-CT-03;28;Sex;13:00:00;15:00:00;11/11/2022;1,00E+07;50
CT;Introdução à Sustentabilidade;03657TP03;CI-CT-03;28;Sex;13:00:00;15:00:00;04/11/2022;1,00E+07;50
CT;Introdução à Sustentabilidade;03657TP03;CI-CT-03;28;Sex;13:00:00;15:00:00;28/10/2022;1,00E+07;50
CT;Introdução à Sustentabilidade;03657TP03;CI-CT-03;28;Sex;13:00:00;15:00:00;21/10/2022;1,00E+07;50
CT;Introdução à Sustentabilidade;03657TP03;CI-CT-03;28;Sex;13:00:00;15:00:00;14/10/2022;1,00E+07;50
CT;Introdução à Sustentabilidade;03657TP03;CI-CT-03;28;Sex;13:00:00;15:00:00;07/10/2022;1,00E+07;50
LETI, LEI, LEI-PL, LIGE, LIGE-PL;Programação Orientada para Objectos;L5315PL13;IGE-B8, IGE-B7, IGE-B6, IGE-B5;33;Qui;09:30:00;11:00:00;15/12/2022;D1.12;27
LETI, LEI, LEI-PL, LIGE, LIGE-PL;Programação Orientada para Objectos;L5315PL13;IGE-B8, IGE-B7, IGE-B6, IGE-B5;33;Qui;09:30:00;11:00:00;24/11/2022;D1.12;27
LETI, LEI, LEI-PL, LIGE, LIGE-PL;Programação Orientada para Objectos;L5315PL13;IGE-B8, IGE-B7, IGE-B6, IGE-B5;33;Qui;09:30:00;11:00:00;17/11/2022;D1.12;27
LETI, LEI, LEI-PL, LIGE, LIGE-PL;Programação Orientada para Objectos;L5315PL13;IGE-B8, IGE-B7, IGE-B6, IGE-B5;33;Qui;09:30:00;11:00:00;10/11/2022;D1.12;27
LETI, LEI, LEI-PL, LIGE, LIGE-PL;Programação Orientada para Objectos;L5315PL13;IGE-B8, IGE-B7, IGE-B6, IGE-B5;33;Qui;09:30:00;11:00:00;03/11/2022;;
LETI, LEI, LEI-PL, LIGE, LIGE-PL;Programação Orientada para Objectos;L5315PL13;IGE-B8, IGE-B7, IGE-B6, IGE-B5;33;Qui;09:30:00;11:00:00;27/10/2022;D1.12;27
LETI, LEI, LEI-PL, LIGE, LIGE-PL;Programação Orientada para Objectos;L5315PL13;IGE-B8, IGE-B7, IGE-B6, IGE-B5;33;Qui;09:30:00;11:00:00;20/10/2022;D1.12;27
LETI, LEI, LEI-PL, LIGE, LIGE-PL;Programação Orientada para Objectos;L5315PL13;IGE-B8, IGE-B7, IGE-B6, IGE-B5;33;Qui;09:30:00;11:00:00;13/10/2022;D1.12;27
LETI, LEI, LEI-PL, LIGE, LIGE-PL;Programação Orientada para Objectos;L5315PL13;IGE-B8, IGE-B7, IGE-B6, IGE-B5;33;Qui;09:30:00;11:00:00;06/10/2022;D1.12;27
LETI, LEI, LEI-PL, LIGE, LIGE-PL;Programação Orientada para Objectos;L5315PL13;IGE-B8, IGE-B7, IGE-B6, IGE-B5;33;Qui;09:30:00;11:00:00;29/09/2022;D1.12;27
LETI, LEI, LEI-PL, LIGE, LIGE-PL;Programação Orientada para Objectos;L5315PL13;IGE-B8, IGE-B7, IGE-B6, IGE-B5;33;Qui;09:30:00;11:00:00;22/09/2022;D1.12;27
LETI, LEI, LEI-PL, LIGE, LIGE-PL;Programação Orientada para Objectos;L5315PL13;IGE-B8, IGE-B7, IGE-B6, IGE-B5;33;Qui;09:30:00;11:00:00;15/09/2022;D1.12;27
LETI, LEI, LEI-PL, LIGE, LIGE-PL;Programação Orientada para Objectos;L5315PL13;IGE-B8, IGE-B7, IGE-B6, IGE-B5;33;Qui;11:00:00;12:30:00;15/12/2022;D1.12;27
LETI, LEI, LEI-PL, LIGE, LIGE-PL;Programação Orientada para Objectos;L5315PL13;IGE-B8, IGE-B7, IGE-B6, IGE-B5;33;Qui;11:00:00;12:30:00;24/11/2022;D1.12;27
LETI, LEI, LEI-PL, LIGE, LIGE-PL;Programação Orientada para Objectos;L5315PL13;IGE-B8, IGE-B7, IGE-B6, IGE-B5;33;Qui;11:00:00;12:30:00;17/11/2022;D1.12;27
LETI, LEI, LEI-PL, LIGE, LIGE-PL;Programação Orientada para Objectos;L5315PL13;IGE-B8, IGE-B7, IGE-B6, IGE-B5;33;Qui;11:00:00;12:30:00;10/11/2022;D1.12;27
LETI, LEI, LEI-PL, LIGE, LIGE-PL;Programação Orientada para Objectos;L5315PL13;IGE-B8, IGE-B7, IGE-B6, IGE-B5;33;Qui;11:00:00;12:30:00;03/11/2022;;
LETI, LEI, LEI-PL, LIGE, LIGE-PL;Programação Orientada para Objectos;L5315PL13;IGE-B8, IGE-B7, IGE-B6, IGE-B5;33;Qui;11:00:00;12:30:00;27/10/2022;D1.12;27
LETI, LEI, LEI-PL, LIGE, LIGE-PL;Programação Orientada para Objectos;L5315PL13;IGE-B8, IGE-B7, IGE-B6, IGE-B5;33;Qui;11:00:00;12:30:00;20/10/2022;D1.12;27
LETI, LEI, LEI-PL, LIGE, LIGE-PL;Programação Orientada para Objectos;L5315PL13;IGE-B8, IGE-B7, IGE-B6, IGE-B5;33;Qui;11:00:00;12:30:00;13/10/2022;D1.12;27
LETI, LEI, LEI-PL, LIGE, LIGE-PL;Programação Orientada para Objectos;L5315PL13;IGE-B8, IGE-B7, IGE-B6, IGE-B5;33;Qui;11:00:00;12:30:00;06/10/2022;D1.12;27
LETI, LEI, LEI-PL, LIGE, LIGE-PL;Programação Orientada para Objectos;L5315PL13;IGE-B8, IGE-B7, IGE-B6, IGE-B5;33;Qui;11:00:00;12:30:00;29/09/2022;D1.12;27
LETI, LEI, LEI-PL, LIGE, LIGE-PL;Programação Orientada para Objectos;L5315PL13;IGE-B8, IGE-B7, IGE-B6, IGE-B5;33;Qui;11:00:00;12:30:00;22/09/2022;D1.12;27
LETI, LEI, LEI-PL, LIGE, LIGE-PL;Programação Orientada para Objectos;L5315PL13;IGE-B8, IGE-B7, IGE-B6, IGE-B5;33;Qui;11:00:00;12:30:00;15/09/2022;D1.12;27
CT;Métodos e Técnicas de Estudo;00673TP04;CI-CT-04;29;Sex;18:00:00;20:00:00;11/11/2022;C4.06;68
CT;Métodos e Técnicas de Estudo;00673TP04;CI-CT-04;29;Sex;18:00:00;20:00:00;04/11/2022;C4.06;68
CT;Métodos e Técnicas de Estudo;00673TP04;CI-CT-04;29;Sex;18:00:00;20:00:00;28/10/2022;C4.06;68
CT;Métodos e Técnicas de Estudo;00673TP04;CI-CT-04;29;Sex;18:00:00;20:00:00;21/10/2022;C4.06;68
CT;Métodos e Técnicas de Estudo;00673TP04;CI-CT-04;29;Sex;18:00:00;20:00:00;14/10/2022;;
CT;Métodos e Técnicas de Estudo;00673TP04;CI-CT-04;29;Sex;18:00:00;20:00:00;07/10/2022;C4.06;68
CT;Língua Inglesa;00671TP01;CI-MP-PA1;5;Qui;16:00:00;18:00:00;27/10/2022;2,00E+05;50
CT;Língua Inglesa;00671TP01;CI-MP-PA1;5;Qui;16:00:00;18:00:00;20/10/2022;2,00E+05;50
CT;Língua Inglesa;00671TP01;CI-MP-PA1;5;Qui;16:00:00;18:00:00;13/10/2022;2,00E+05;50
CT;Língua Inglesa;00671TP01;CI-MP-PA1;5;Ter;16:00:00;18:00:00;25/10/2022;2,00E+05;50
CT;Língua Inglesa;00671TP01;CI-MP-PA1;5;Ter;16:00:00;18:00:00;18/10/2022;2,00E+05;50
CT;Língua Inglesa;00671TP01;CI-MP-PA1;5;Ter;16:00:00;18:00:00;11/10/2022;2,00E+05;50
LETI, LEI, LEI-PL, LIGE, LIGE-PL;Introdução à Programação;L0782PL25;IGE-PL-A1;29;Seg;19:30:00;21:00:00;12/12/2022;;
LETI, LEI, LEI-PL, LIGE, LIGE-PL;Introdução à Programação;L0782PL25;IGE-PL-A1;29;Seg;18:00:00;19:30:00;12/12/2022;;
LETI, LEI, LEI-PL, LIGE, LIGE-PL;Introdução à Programação;L0782PL25;IGE-PL-A1;29;Qui;19:30:00;21:00:00;15/12/2022;D1.01;35
LETI, LEI, LEI-PL, LIGE, LIGE-PL;Introdução à Programação;L0782PL25;IGE-PL-A1;29;Qui;19:30:00;21:00:00;24/11/2022;D1.01;35
LETI, LEI, LEI-PL, LIGE, LIGE-PL;Introdução à Programação;L0782PL25;IGE-PL-A1;29;Qui;19:30:00;21:00:00;17/11/2022;D1.01;35
LETI, LEI, LEI-PL, LIGE, LIGE-PL;Introdução à Programação;L0782PL25;IGE-PL-A1;29;Qui;19:30:00;21:00:00;10/11/2022;D1.01;35
LETI, LEI, LEI-PL, LIGE, LIGE-PL;Introdução à Programação;L0782PL25;IGE-PL-A1;29;Qui;19:30:00;21:00:00;27/10/2022;D1.01;35
LETI, LEI, LEI-PL, LIGE, LIGE-PL;Introdução à Programação;L0782PL25;IGE-PL-A1;29;Qui;19:30:00;21:00:00;20/10/2022;D1.01;35
LETI, LEI, LEI-PL, LIGE, LIGE-PL;Introdução à Programação;L0782PL25;IGE-PL-A1;29;Qui;19:30:00;21:00:00;13/10/2022;D1.01;35
LETI, LEI, LEI-PL, LIGE, LIGE-PL;Introdução à Programação;L0782PL25;IGE-PL-A1;29;Qui;19:30:00;21:00:00;06/10/2022;D1.01;35
LETI, LEI, LEI-PL, LIGE, LIGE-PL;Introdução à Programação;L0782PL25;IGE-PL-A1;29;Qui;19:30:00;21:00:00;29/09/2022;D1.01;35
LETI, LEI, LEI-PL, LIGE, LIGE-PL;Introdução à Programação;L0782PL25;IGE-PL-A1;29;Qui;19:30:00;21:00:00;22/09/2022;D1.01;35
LETI, LEI, LEI-PL, LIGE, LIGE-PL;Introdução à Programação;L0782PL25;IGE-PL-A1;29;Qui;19:30:00;21:00:00;15/09/2022;;
LETI, LEI, LEI-PL, LIGE, LIGE-PL;Introdução à Programação;L0782PL25;IGE-PL-A1;29;Qui;21:00:00;22:30:00;15/12/2022;D1.01;35
LETI, LEI, LEI-PL, LIGE, LIGE-PL;Introdução à Programação;L0782PL25;IGE-PL-A1;29;Qui;21:00:00;22:30:00;24/11/2022;D1.01;35
LETI, LEI, LEI-PL, LIGE, LIGE-PL;Introdução à Programação;L0782PL25;IGE-PL-A1;29;Qui;21:00:00;22:30:00;17/11/2022;D1.01;35
LETI, LEI, LEI-PL, LIGE, LIGE-PL;Introdução à Programação;L0782PL25;IGE-PL-A1;29;Qui;21:00:00;22:30:00;10/11/2022;D1.01;35
LETI, LEI, LEI-PL, LIGE, LIGE-PL;Introdução à Programação;L0782PL25;IGE-PL-A1;29;Qui;21:00:00;22:30:00;27/10/2022;D1.01;35
LETI, LEI, LEI-PL, LIGE, LIGE-PL;Introdução à Programação;L0782PL25;IGE-PL-A1;29;Qui;21:00:00;22:30:00;20/10/2022;D1.01;35
LETI, LEI, LEI-PL, LIGE, LIGE-PL;Introdução à Programação;L0782PL25;IGE-PL-A1;29;Qui;21:00:00;22:30:00;13/10/2022;D1.01;35
LETI, LEI, LEI-PL, LIGE, LIGE-PL;Introdução à Programação;L0782PL25;IGE-PL-A1;29;Qui;21:00:00;22:30:00;06/10/2022;D1.01;35
LETI, LEI, LEI-PL, LIGE, LIGE-PL;Introdução à Programação;L0782PL25;IGE-PL-A1;29;Qui;21:00:00;22:30:00;29/09/2022;D1.01;35
LETI, LEI, LEI-PL, LIGE, LIGE-PL;Introdução à Programação;L0782PL25;IGE-PL-A1;29;Qui;21:00:00;22:30:00;22/09/2022;D1.01;35
LETI, LEI, LEI-PL, LIGE, LIGE-PL;Introdução à Programação;L0782PL25;IGE-PL-A1;29;Qui;21:00:00;22:30:00;15/09/2022;;
CT;Tópicos de Matemática Elementar II;TMEIITP01;MP-M23-1;7;Qui;18:00:00;21:00:00;26/01/2023;1,00E+02;50
CT;Tópicos de Matemática Elementar II;TMEIITP01;MP-M23-1;7;Qui;18:00:00;21:00:00;19/01/2023;1,00E+02;50
CT;Tópicos de Matemática Elementar II;TMEIITP01;MP-M23-1;7;Qui;18:00:00;21:00:00;12/01/2023;1,00E+02;50
CT;Tópicos de Matemática Elementar II;TMEIITP01;MP-M23-1;7;Qui;18:00:00;21:00:00;05/01/2023;1,00E+02;50
CT;Tópicos de Matemática Elementar II;TMEIITP01;MP-M23-1;7;Qua;18:00:00;21:00:00;25/01/2023;1,00E+04;50
CT;Tópicos de Matemática Elementar II;TMEIITP01;MP-M23-1;7;Qua;18:00:00;21:00:00;18/01/2023;1,00E+04;50
CT;Tópicos de Matemática Elementar II;TMEIITP01;MP-M23-1;7;Qua;18:00:00;21:00:00;11/01/2023;1,00E+04;50
CT;Tópicos de Matemática Elementar II;TMEIITP01;MP-M23-1;7;Seg;18:00:00;21:00:00;23/01/2023;1,00E+04;50
CT;Tópicos de Matemática Elementar II;TMEIITP01;MP-M23-1;7;Seg;18:00:00;21:00:00;16/01/2023;1,00E+04;50
CT;Tópicos de Matemática Elementar II;TMEIITP01;MP-M23-1;7;Seg;18:00:00;21:00:00;09/01/2023;1,00E+04;50
LETI, LEI, LEI-PL, LIGE, LIGE-PL;Bases de Dados;03724PL07;ET-B8, ET-B7, ET-B6, ET-B5;35;Sex;13:00:00;14:30:00;09/12/2022;D1.12;27
LETI, LEI, LEI-PL, LIGE, LIGE-PL;Bases de Dados;03724PL07;ET-B8, ET-B7, ET-B6, ET-B5;35;Sex;13:00:00;14:30:00;02/12/2022;D1.12;27
LETI, LEI, LEI-PL, LIGE, LIGE-PL;Bases de Dados;03724PL07;ET-B8, ET-B7, ET-B6, ET-B5;35;Sex;13:00:00;14:30:00;25/11/2022;D1.12;27
LETI, LEI, LEI-PL, LIGE, LIGE-PL;Bases de Dados;03724PL07;ET-B8, ET-B7, ET-B6, ET-B5;35;Sex;13:00:00;14:30:00;18/11/2022;D1.12;27
LETI, LEI, LEI-PL, LIGE, LIGE-PL;Bases de Dados;03724PL07;ET-B8, ET-B7, ET-B6, ET-B5;35;Sex;13:00:00;14:30:00;11/11/2022;D1.12;27
LETI, LEI, LEI-PL, LIGE, LIGE-PL;Bases de Dados;03724PL07;ET-B8, ET-B7, ET-B6, ET-B5;35;Sex;13:00:00;14:30:00;28/10/2022;D1.12;27
LETI, LEI, LEI-PL, LIGE, LIGE-PL;Bases de Dados;03724PL07;ET-B8, ET-B7, ET-B6, ET-B5;35;Sex;13:00:00;14:30:00;21/10/2022;D1.12;27
LETI, LEI, LEI-PL, LIGE, LIGE-PL;Bases de Dados;03724PL07;ET-B8, ET-B7, ET-B6, ET-B5;35;Sex;13:00:00;14:30:00;14/10/2022;D1.12;27
LETI, LEI, LEI-PL, LIGE, LIGE-PL;Bases de Dados;03724PL07;ET-B8, ET-B7, ET-B6, ET-B5;35;Sex;13:00:00;14:30:00;07/10/2022;D1.12;27
LETI, LEI, LEI-PL, LIGE, LIGE-PL;Bases de Dados;03724PL07;ET-B8, ET-B7, ET-B6, ET-B5;35;Sex;13:00:00;14:30:00;30/09/2022;D1.12;27
LETI, LEI, LEI-PL, LIGE, LIGE-PL;Bases de Dados;03724PL07;ET-B8, ET-B7, ET-B6, ET-B5;35;Sex;13:00:00;14:30:00;23/09/2022;D1.12;27
LETI, LEI, LEI-PL, LIGE, LIGE-PL;Bases de Dados;03724PL07;ET-B8, ET-B7, ET-B6, ET-B5;35;Sex;13:00:00;14:30:00;16/09/2022;D1.12;27
LETI, LEI, LEI-PL, LIGE, LIGE-PL;Bases de Dados;03724PL07;ET-B8, ET-B7, ET-B6, ET-B5;35;Sex;14:30:00;16:00:00;09/12/2022;D1.12;27
LETI, LEI, LEI-PL, LIGE, LIGE-PL;Bases de Dados;03724PL07;ET-B8, ET-B7, ET-B6, ET-B5;35;Sex;14:30:00;16:00:00;02/12/2022;D1.12;27
LETI, LEI, LEI-PL, LIGE, LIGE-PL;Bases de Dados;03724PL07;ET-B8, ET-B7, ET-B6, ET-B5;35;Sex;14:30:00;16:00:00;25/11/2022;D1.12;27
LETI, LEI, LEI-PL, LIGE, LIGE-PL;Bases de Dados;03724PL07;ET-B8, ET-B7, ET-B6, ET-B5;35;Sex;14:30:00;16:00:00;18/11/2022;D1.12;27
LETI, LEI, LEI-PL, LIGE, LIGE-PL;Bases de Dados;03724PL07;ET-B8, ET-B7, ET-B6, ET-B5;35;Sex;14:30:00;16:00:00;11/11/2022;D1.12;27
LETI, LEI, LEI-PL, LIGE, LIGE-PL;Bases de Dados;03724PL07;ET-B8, ET-B7, ET-B6, ET-B5;35;Sex;14:30:00;16:00:00;28/10/2022;D1.12;27
LETI, LEI, LEI-PL, LIGE, LIGE-PL;Bases de Dados;03724PL07;ET-B8, ET-B7, ET-B6, ET-B5;35;Sex;14:30:00;16:00:00;21/10/2022;D1.12;27
LETI, LEI, LEI-PL, LIGE, LIGE-PL;Bases de Dados;03724PL07;ET-B8, ET-B7, ET-B6, ET-B5;35;Sex;14:30:00;16:00:00;14/10/2022;D1.12;27
LETI, LEI, LEI-PL, LIGE, LIGE-PL;Bases de Dados;03724PL07;ET-B8, ET-B7, ET-B6, ET-B5;35;Sex;14:30:00;16:00:00;07/10/2022;D1.12;27
LETI, LEI, LEI-PL, LIGE, LIGE-PL;Bases de Dados;03724PL07;ET-B8, ET-B7, ET-B6, ET-B5;35;Sex;14:30:00;16:00:00;30/09/2022;D1.12;27
LETI, LEI, LEI-PL, LIGE, LIGE-PL;Bases de Dados;03724PL07;ET-B8, ET-B7, ET-B6, ET-B5;35;Sex;14:30:00;16:00:00;23/09/2022;D1.12;27
LETI, LEI, LEI-PL, LIGE, LIGE-PL;Bases de Dados;03724PL07;ET-B8, ET-B7, ET-B6, ET-B5;35;Sex;14:30:00;16:00:00;16/09/2022;D1.12;27
LP;Psicometria;L5239TP04;PC3, PC1;51;Qui;11:00:00;12:30:00;27/10/2022;C6.07;56
LP;Psicometria;L5239TP04;PC3, PC1;51;Qui;11:00:00;12:30:00;20/10/2022;C6.07;56
LP;Psicometria;L5239TP04;PC3, PC1;51;Qui;11:00:00;12:30:00;13/10/2022;C6.07;56
LP;Psicometria;L5239TP04;PC3, PC1;51;Qui;11:00:00;12:30:00;06/10/2022;C6.07;56
LP;Psicometria;L5239TP04;PC3, PC1;51;Qui;11:00:00;12:30:00;29/09/2022;C6.07;56
LP;Psicometria;L5239TP04;PC3, PC1;51;Qui;11:00:00;12:30:00;22/09/2022;C6.07;56
LP;Psicometria;L5239TP04;PC3, PC1;51;Qui;09:30:00;11:00:00;27/10/2022;C6.07;56
LP;Psicometria;L5239TP04;PC3, PC1;51;Qui;09:30:00;11:00:00;20/10/2022;C6.07;56
LP;Psicometria;L5239TP04;PC3, PC1;51;Qui;09:30:00;11:00:00;13/10/2022;C6.07;56
LP;Psicometria;L5239TP04;PC3, PC1;51;Qui;09:30:00;11:00:00;06/10/2022;C6.07;56
LP;Psicometria;L5239TP04;PC3, PC1;51;Qui;09:30:00;11:00:00;29/09/2022;C6.07;56
LP;Psicometria;L5239TP04;PC3, PC1;51;Qui;09:30:00;11:00:00;22/09/2022;C6.07;56
CT;Organização Pessoal e Gestão do Tempo;00676TP02;CI-CT-02;31;Sex;11:00:00;12:30:00;04/11/2022;1,00E+07;50
CT;Organização Pessoal e Gestão do Tempo;00676TP02;CI-CT-02;31;Sex;11:00:00;12:30:00;28/10/2022;1,00E+07;50
CT;Organização Pessoal e Gestão do Tempo;00676TP02;CI-CT-02;31;Sex;11:00:00;12:30:00;21/10/2022;1,00E+07;50
CT;Organização Pessoal e Gestão do Tempo;00676TP02;CI-CT-02;31;Sex;11:00:00;12:30:00;14/10/2022;1,00E+07;50
CT;Organização Pessoal e Gestão do Tempo;00676TP02;CI-CT-02;31;Sex;11:00:00;12:30:00;07/10/2022;1,00E+07;50
CT;Gestão de Stress;03562TP03;CI-CT-03;26;Seg;14:00:00;16:00:00;05/12/2022;1,00E+04;50
CT;Gestão de Stress;03562TP03;CI-CT-03;26;Seg;14:00:00;16:00:00;28/11/2022;1,00E+04;50
CT;Gestão de Stress;03562TP03;CI-CT-03;26;Seg;14:00:00;16:00:00;21/11/2022;1,00E+04;50
CT;Gestão de Stress;03562TP03;CI-CT-03;26;Seg;14:00:00;16:00:00;14/11/2022;1,00E+04;50
CT;Gestão de Stress;03562TP03;CI-CT-03;26;Seg;14:00:00;16:00:00;07/11/2022;1,00E+04;50
CT;Gestão de Stress;03562TP03;CI-CT-03;26;Seg;14:00:00;16:00:00;31/10/2022;1,00E+04;50
LETI, LEI, LEI-PL, LIGE, LIGE-PL;Arquitetura de Redes;03708PL25;EI-C5, EI-C4, EI-C3;42;Qui;11:00:00;12:30:00;15/12/2022;C7.09;40
LETI, LEI, LEI-PL, LIGE, LIGE-PL;Arquitetura de Redes;03708PL25;EI-C5, EI-C4, EI-C3;42;Qui;11:00:00;12:30:00;24/11/2022;C7.09;40
LETI, LEI, LEI-PL, LIGE, LIGE-PL;Arquitetura de Redes;03708PL25;EI-C5, EI-C4, EI-C3;42;Qui;11:00:00;12:30:00;17/11/2022;C7.09;40
LETI, LEI, LEI-PL, LIGE, LIGE-PL;Arquitetura de Redes;03708PL25;EI-C5, EI-C4, EI-C3;42;Qui;11:00:00;12:30:00;10/11/2022;C7.09;40
LETI, LEI, LEI-PL, LIGE, LIGE-PL;Arquitetura de Redes;03708PL25;EI-C5, EI-C4, EI-C3;42;Qui;11:00:00;12:30:00;03/11/2022;C7.09;40
LETI, LEI, LEI-PL, LIGE, LIGE-PL;Arquitetura de Redes;03708PL25;EI-C5, EI-C4, EI-C3;42;Qui;11:00:00;12:30:00;27/10/2022;C7.09;40
LETI, LEI, LEI-PL, LIGE, LIGE-PL;Arquitetura de Redes;03708PL25;EI-C5, EI-C4, EI-C3;42;Qui;11:00:00;12:30:00;20/10/2022;C7.09;40
LETI, LEI, LEI-PL, LIGE, LIGE-PL;Arquitetura de Redes;03708PL25;EI-C5, EI-C4, EI-C3;42;Qui;11:00:00;12:30:00;13/10/2022;C7.09;40
LETI, LEI, LEI-PL, LIGE, LIGE-PL;Arquitetura de Redes;03708PL25;EI-C5, EI-C4, EI-C3;42;Qui;11:00:00;12:30:00;06/10/2022;;
LETI, LEI, LEI-PL, LIGE, LIGE-PL;Arquitetura de Redes;03708PL25;EI-C5, EI-C4, EI-C3;42;Qui;11:00:00;12:30:00;29/09/2022;C7.09;40
LETI, LEI, LEI-PL, LIGE, LIGE-PL;Arquitetura de Redes;03708TP11;IGE-C3, IGE-C2, IGE-C1;47;Qua;11:00:00;12:30:00;21/09/2022;1,00E+08;50
LETI, LEI, LEI-PL, LIGE, LIGE-PL;Arquitetura de Redes;03708TP11;IGE-C3, IGE-C2, IGE-C1;47;Qua;11:00:00;12:30:00;14/09/2022;1,00E+08;50
LETI, LEI, LEI-PL, LIGE, LIGE-PL;Arquitetura de Redes;03708TP11;IGE-C3, IGE-C2, IGE-C1;47;Ter;14:30:00;16:00:00;06/12/2022;;
LETI, LEI, LEI-PL, LIGE, LIGE-PL;Arquitetura de Redes;03708TP11;IGE-C3, IGE-C2, IGE-C1;47;Ter;14:30:00;16:00:00;29/11/2022;1,00E+04;50
LETI, LEI, LEI-PL, LIGE, LIGE-PL;Arquitetura de Redes;03708TP11;IGE-C3, IGE-C2, IGE-C1;47;Ter;14:30:00;16:00:00;22/11/2022;1,00E+04;50
LETI, LEI, LEI-PL, LIGE, LIGE-PL;Arquitetura de Redes;03708TP11;IGE-C3, IGE-C2, IGE-C1;47;Ter;14:30:00;16:00:00;15/11/2022;1,00E+04;50
LETI, LEI, LEI-PL, LIGE, LIGE-PL;Arquitetura de Redes;03708TP11;IGE-C3, IGE-C2, IGE-C1;47;Ter;14:30:00;16:00:00;08/11/2022;1,00E+04;50
LETI, LEI, LEI-PL, LIGE, LIGE-PL;Arquitetura de Redes;03708TP11;IGE-C3, IGE-C2, IGE-C1;47;Ter;14:30:00;16:00:00;25/10/2022;1,00E+04;50
LETI, LEI, LEI-PL, LIGE, LIGE-PL;Arquitetura de Redes;03708TP11;IGE-C3, IGE-C2, IGE-C1;47;Ter;14:30:00;16:00:00;18/10/2022;1,00E+04;50
LETI, LEI, LEI-PL, LIGE, LIGE-PL;Arquitetura de Redes;03708TP11;IGE-C3, IGE-C2, IGE-C1;47;Ter;14:30:00;16:00:00;11/10/2022;1,00E+04;50
LETI, LEI, LEI-PL, LIGE, LIGE-PL;Arquitetura de Redes;03708TP11;IGE-C3, IGE-C2, IGE-C1;47;Ter;14:30:00;16:00:00;04/10/2022;1,00E+04;50
LETI, LEI, LEI-PL, LIGE, LIGE-PL;Arquitetura de Redes;03708TP11;IGE-C3, IGE-C2, IGE-C1;47;Ter;14:30:00;16:00:00;27/09/2022;1,00E+04;50
LETI, LEI, LEI-PL, LIGE, LIGE-PL;Arquitetura de Redes;03708TP11;IGE-C3, IGE-C2, IGE-C1;47;Ter;14:30:00;16:00:00;20/09/2022;1,00E+04;50
LETI, LEI, LEI-PL, LIGE, LIGE-PL;Arquitetura de Redes;03708TP11;IGE-C3, IGE-C2, IGE-C1;47;Ter;14:30:00;16:00:00;13/09/2022;1,00E+04;50
LETI, LEI, LEI-PL, LIGE, LIGE-PL;Arquitetura de Redes;03708PL30;IGE-PL-C1;30;Qui;18:00:00;19:30:00;15/12/2022;C7.06;66
LETI, LEI, LEI-PL, LIGE, LIGE-PL;Arquitetura de Redes;03708PL30;IGE-PL-C1;30;Qui;18:00:00;19:30:00;24/11/2022;C7.06;66
LETI, LEI, LEI-PL, LIGE, LIGE-PL;Arquitetura de Redes;03708PL30;IGE-PL-C1;30;Qui;18:00:00;19:30:00;17/11/2022;C7.06;66
LETI, LEI, LEI-PL, LIGE, LIGE-PL;Arquitetura de Redes;03708PL30;IGE-PL-C1;30;Qui;18:00:00;19:30:00;10/11/2022;C7.06;66
LETI, LEI, LEI-PL, LIGE, LIGE-PL;Arquitetura de Redes;03708PL30;IGE-PL-C1;30;Qui;18:00:00;19:30:00;03/11/2022;C7.06;66
LETI, LEI, LEI-PL, LIGE, LIGE-PL;Arquitetura de Redes;03708PL30;IGE-PL-C1;30;Qui;18:00:00;19:30:00;27/10/2022;C7.06;66
LETI, LEI, LEI-PL, LIGE, LIGE-PL;Arquitetura de Redes;03708PL30;IGE-PL-C1;30;Qui;18:00:00;19:30:00;20/10/2022;C7.06;66
LETI, LEI, LEI-PL, LIGE, LIGE-PL;Arquitetura de Redes;03708PL30;IGE-PL-C1;30;Qui;18:00:00;19:30:00;13/10/2022;C7.06;66
LETI, LEI, LEI-PL, LIGE, LIGE-PL;Arquitetura de Redes;03708PL30;IGE-PL-C1;30;Qui;18:00:00;19:30:00;06/10/2022;;
LETI, LEI, LEI-PL, LIGE, LIGE-PL;Arquitetura de Redes;03708PL30;IGE-PL-C1;30;Qui;18:00:00;19:30:00;29/09/2022;C7.06;66
LETI, LEI, LEI-PL, LIGE, LIGE-PL;Fundamentos de Arquitectura de Computadores;L0705PL17;EI-A12, EI-A11, EI-A10;27;Sex;16:00:00;17:30:00;09/12/2022;C7.10;80
LETI, LEI, LEI-PL, LIGE, LIGE-PL;Fundamentos de Arquitectura de Computadores;L0705PL17;EI-A12, EI-A11, EI-A10;27;Sex;16:00:00;17:30:00;02/12/2022;C7.10;80
LETI, LEI, LEI-PL, LIGE, LIGE-PL;Fundamentos de Arquitectura de Computadores;L0705PL17;EI-A12, EI-A11, EI-A10;27;Sex;16:00:00;17:30:00;25/11/2022;C7.10;80
LETI, LEI, LEI-PL, LIGE, LIGE-PL;Fundamentos de Arquitectura de Computadores;L0705PL17;EI-A12, EI-A11, EI-A10;27;Sex;16:00:00;17:30:00;18/11/2022;C7.10;80
LETI, LEI, LEI-PL, LIGE, LIGE-PL;Fundamentos de Arquitectura de Computadores;L0705PL17;EI-A12, EI-A11, EI-A10;27;Sex;16:00:00;17:30:00;11/11/2022;C7.10;80
LETI, LEI, LEI-PL, LIGE, LIGE-PL;Fundamentos de Arquitectura de Computadores;L0705PL17;EI-A12, EI-A11, EI-A10;27;Sex;16:00:00;17:30:00;28/10/2022;C7.10;80
LETI, LEI, LEI-PL, LIGE, LIGE-PL;Fundamentos de Arquitectura de Computadores;L0705PL17;EI-A12, EI-A11, EI-A10;27;Sex;16:00:00;17:30:00;21/10/2022;C7.10;80
LETI, LEI, LEI-PL, LIGE, LIGE-PL;Fundamentos de Arquitectura de Computadores;L0705PL17;EI-A12, EI-A11, EI-A10;27;Sex;16:00:00;17:30:00;14/10/2022;C7.10;80
LETI, LEI, LEI-PL, LIGE, LIGE-PL;Fundamentos de Arquitectura de Computadores;L0705PL17;EI-A12, EI-A11, EI-A10;27;Sex;16:00:00;17:30:00;07/10/2022;C7.10;80
LETI, LEI, LEI-PL, LIGE, LIGE-PL;Fundamentos de Arquitectura de Computadores;L0705PL17;EI-A12, EI-A11, EI-A10;27;Sex;16:00:00;17:30:00;30/09/2022;C7.10;80
LETI, LEI, LEI-PL, LIGE, LIGE-PL;Fundamentos de Arquitectura de Computadores;L0705PL17;EI-A12, EI-A11, EI-A10;27;Sex;16:00:00;17:30:00;23/09/2022;C7.10;80
LETI, LEI, LEI-PL, LIGE, LIGE-PL;Fundamentos de Arquitectura de Computadores;L0705PL17;EI-A12, EI-A11, EI-A10;27;Sex;16:00:00;17:30:00;16/09/2022;;
CT;Português Como Língua Estrangeira - Iniciação;01805T01;CI-CT-01;28;Qua;11:00:00;13:00:00;23/11/2022;D1.05;30
CT;Português Como Língua Estrangeira - Iniciação;01805T01;CI-CT-01;28;Qua;11:00:00;13:00:00;16/11/2022;D1.05;30
CT;Português Como Língua Estrangeira - Iniciação;01805T01;CI-CT-01;28;Qua;11:00:00;13:00:00;09/11/2022;D1.05;30
CT;Português Como Língua Estrangeira - Iniciação;01805T01;CI-CT-01;28;Qua;11:00:00;13:00:00;02/11/2022;D1.05;30
CT;Português Como Língua Estrangeira - Iniciação;01805T01;CI-CT-01;28;Qua;11:00:00;13:00:00;26/10/2022;D1.05;30
CT;Português Como Língua Estrangeira - Iniciação;01805T01;CI-CT-01;28;Qua;11:00:00;13:00:00;19/10/2022;D1.05;30
CT;Português Como Língua Estrangeira - Iniciação;01805T01;CI-CT-01;28;Qua;11:00:00;13:00:00;12/10/2022;D1.05;30
CT;Português Como Língua Estrangeira - Iniciação;01805T01;CI-CT-01;28;Qua;11:00:00;13:00:00;28/09/2022;D1.05;30
CT;Português Como Língua Estrangeira - Iniciação;01805T01;CI-CT-01;28;Seg;11:00:00;13:00:00;28/11/2022;D1.05;30
CT;Português Como Língua Estrangeira - Iniciação;01805T01;CI-CT-01;28;Seg;11:00:00;13:00:00;21/11/2022;D1.05;30
CT;Português Como Língua Estrangeira - Iniciação;01805T01;CI-CT-01;28;Seg;11:00:00;13:00:00;14/11/2022;D1.05;30
CT;Português Como Língua Estrangeira - Iniciação;01805T01;CI-CT-01;28;Seg;11:00:00;13:00:00;07/11/2022;D1.05;30
CT;Português Como Língua Estrangeira - Iniciação;01805T01;CI-CT-01;28;Seg;11:00:00;13:00:00;31/10/2022;D1.05;30
CT;Português Como Língua Estrangeira - Iniciação;01805T01;CI-CT-01;28;Seg;11:00:00;13:00:00;24/10/2022;D1.05;30
CT;Português Como Língua Estrangeira - Iniciação;01805T01;CI-CT-01;28;Seg;11:00:00;13:00:00;17/10/2022;D1.05;30
CT;Português Como Língua Estrangeira - Iniciação;01805T01;CI-CT-01;28;Seg;11:00:00;13:00:00;10/10/2022;D1.05;30
CT;Português Como Língua Estrangeira - Iniciação;01805T01;CI-CT-01;28;Seg;11:00:00;13:00:00;03/10/2022;D1.05;30
CT;Português Como Língua Estrangeira - Iniciação;01805T01;CI-CT-01;28;Seg;11:00:00;13:00:00;26/09/2022;D1.05;30
LP;Psicometria;L5239PL02;PC3, PC1;51;Sex;09:30:00;11:00:00;09/12/2022;;
LP;Psicometria;L5239PL02;PC3, PC1;51;Sex;09:30:00;11:00:00;02/12/2022;;
LP;Psicometria;L5239PL02;PC3, PC1;51;Sex;09:30:00;11:00:00;25/11/2022;;
LP;Psicometria;L5239PL02;PC3, PC1;51;Sex;09:30:00;11:00:00;18/11/2022;;
LP;Psicometria;L5239PL02;PC3, PC1;51;Sex;09:30:00;11:00:00;11/11/2022;;
LP;Psicometria;L5239PL02;PC3, PC1;51;Sex;09:30:00;11:00:00;04/11/2022;;
LP;Psicometria;L5239PL02;PC3, PC1;51;Sex;09:30:00;11:00:00;28/10/2022;1,00E+03;50
LP;Psicometria;L5239PL02;PC3, PC1;51;Sex;09:30:00;11:00:00;21/10/2022;1,00E+03;50
LP;Psicometria;L5239PL02;PC3, PC1;51;Sex;09:30:00;11:00:00;14/10/2022;1,00E+03;50
LP;Psicometria;L5239PL02;PC3, PC1;51;Sex;09:30:00;11:00:00;07/10/2022;1,00E+03;50
LP;Psicometria;L5239PL02;PC3, PC1;51;Sex;09:30:00;11:00:00;30/09/2022;1,00E+03;50
LP;Psicometria;L5239PL02;PC3, PC1;51;Sex;09:30:00;11:00:00;23/09/2022;1,00E+03;50
LP;Métodos de Investigação Quantitativos;L5215TP05;PB4, PB2;47;Seg;13:00:00;14:30:00;05/12/2022;C5.08;58
LP;Métodos de Investigação Quantitativos;L5215TP05;PB4, PB2;47;Qui;14:30:00;16:00:00;15/12/2022;C5.08;58
LP;Métodos de Investigação Quantitativos;L5215TP05;PB4, PB2;47;Qui;14:30:00;16:00:00;24/11/2022;C5.08;58
LP;Métodos de Investigação Quantitativos;L5215TP05;PB4, PB2;47;Qui;14:30:00;16:00:00;17/11/2022;C5.08;58
LP;Métodos de Investigação Quantitativos;L5215TP05;PB4, PB2;47;Qui;14:30:00;16:00:00;10/11/2022;C5.08;58
LP;Métodos de Investigação Quantitativos;L5215TP05;PB4, PB2;47;Qui;14:30:00;16:00:00;03/11/2022;C5.08;58
LP;Métodos de Investigação Quantitativos;L5215TP05;PB4, PB2;47;Qui;14:30:00;16:00:00;27/10/2022;C5.08;58
LP;Métodos de Investigação Quantitativos;L5215TP05;PB4, PB2;47;Qui;14:30:00;16:00:00;20/10/2022;C5.08;58
LP;Métodos de Investigação Quantitativos;L5215TP05;PB4, PB2;47;Qui;14:30:00;16:00:00;13/10/2022;C5.08;58
LP;Métodos de Investigação Quantitativos;L5215TP05;PB4, PB2;47;Qui;14:30:00;16:00:00;06/10/2022;C5.08;58
LP;Métodos de Investigação Quantitativos;L5215TP05;PB4, PB2;47;Qui;14:30:00;16:00:00;29/09/2022;C5.08;58
LP;Métodos de Investigação Quantitativos;L5215TP05;PB4, PB2;47;Qui;14:30:00;16:00:00;22/09/2022;C5.08;58
CT;Gestão de Stress;03562TP01;CI-CT-01;29;Seg;11:00:00;13:00:00;05/12/2022;1,00E+07;50
CT;Gestão de Stress;03562TP01;CI-CT-01;29;Seg;11:00:00;13:00:00;28/11/2022;1,00E+07;50
CT;Gestão de Stress;03562TP01;CI-CT-01;29;Seg;11:00:00;13:00:00;21/11/2022;1,00E+07;50
CT;Gestão de Stress;03562TP01;CI-CT-01;29;Seg;11:00:00;13:00:00;14/11/2022;1,00E+07;50
CT;Gestão de Stress;03562TP01;CI-CT-01;29;Seg;11:00:00;13:00:00;07/11/2022;1,00E+07;50
CT;Gestão de Stress;03562TP01;CI-CT-01;29;Seg;11:00:00;13:00:00;31/10/2022;1,00E+07;50
CT;Finanças Pessoais I;03177TP02;CI-CT-02;24;Sex;16:00:00;17:30:00;09/12/2022;D1.04;23
CT;Finanças Pessoais I;03177TP02;CI-CT-02;24;Sex;16:00:00;17:30:00;02/12/2022;AA3.30;24
CT;Finanças Pessoais I;03177TP02;CI-CT-02;24;Sex;16:00:00;17:30:00;25/11/2022;AA3.30;24
CT;Finanças Pessoais I;03177TP02;CI-CT-02;24;Sex;16:00:00;17:30:00;18/11/2022;AA3.30;24
CT;Finanças Pessoais I;03177TP02;CI-CT-02;24;Sex;16:00:00;17:30:00;11/11/2022;AA3.30;24
CT;Finanças Pessoais I;03177TP02;CI-CT-02;24;Sex;16:00:00;17:30:00;04/11/2022;D1.04;23
CT;Finanças Pessoais I;03177TP02;CI-CT-02;24;Sex;16:00:00;17:00:00;28/10/2022;AA3.30;24
CT;Responsabilidade Social e Voluntariado;02252TP01;CI-CT-01;28;Ter;16:00:00;18:00:00;15/11/2022;AA3.23;52
CT;Responsabilidade Social e Voluntariado;02252TP01;CI-CT-01;28;Ter;16:00:00;18:00:00;08/11/2022;AA3.23;52
CT;Responsabilidade Social e Voluntariado;02252TP01;CI-CT-01;28;Ter;16:00:00;18:00:00;25/10/2022;AA3.23;52
CT;Responsabilidade Social e Voluntariado;02252TP01;CI-CT-01;28;Ter;16:00:00;18:00:00;18/10/2022;AA3.23;52
CT;Responsabilidade Social e Voluntariado;02252TP01;CI-CT-01;28;Ter;16:00:00;18:00:00;11/10/2022;AA3.23;52
CT;Responsabilidade Social e Voluntariado;02252TP01;CI-CT-01;28;Ter;16:00:00;18:00:00;04/10/2022;AA3.23;52
CT;Introdução ao Inglês para Negócios;01973TP04;CI-CT-04;23;Qui;16:00:00;17:30:00;24/11/2022;AA3.30;24
CT;Introdução ao Inglês para Negócios;01973TP04;CI-CT-04;23;Qui;16:00:00;17:30:00;17/11/2022;AA3.30;24
CT;Introdução ao Inglês para Negócios;01973TP04;CI-CT-04;23;Qui;16:00:00;17:30:00;10/11/2022;AA3.30;24
CT;Introdução ao Inglês para Negócios;01973TP04;CI-CT-04;23;Qui;16:00:00;17:30:00;03/11/2022;AA3.30;24
CT;Introdução ao Inglês para Negócios;01973TP04;CI-CT-04;23;Qui;16:00:00;17:30:00;27/10/2022;AA3.30;24
CT;Introdução ao Inglês para Negócios;01973TP04;CI-CT-04;23;Qui;16:00:00;17:30:00;20/10/2022;AA3.30;24
CT;Introdução ao Inglês para Negócios;01973TP04;CI-CT-04;23;Qui;16:00:00;17:30:00;13/10/2022;AA3.30;24
CT;Introdução ao Inglês para Negócios;01973TP04;CI-CT-04;23;Qui;16:00:00;17:30:00;06/10/2022;AA3.30;24
CT;Introdução ao Inglês para Negócios;01973TP04;CI-CT-04;23;Ter;16:00:00;17:30:00;29/11/2022;AA3.30;24
CT;Introdução ao Inglês para Negócios;01973TP04;CI-CT-04;23;Ter;16:00:00;17:30:00;22/11/2022;AA3.30;24
CT;Introdução ao Inglês para Negócios;01973TP04;CI-CT-04;23;Ter;16:00:00;17:30:00;15/11/2022;AA3.30;24
CT;Introdução ao Inglês para Negócios;01973TP04;CI-CT-04;23;Ter;16:00:00;17:30:00;08/11/2022;AA3.30;24
CT;Introdução ao Inglês para Negócios;01973TP04;CI-CT-04;23;Ter;16:00:00;17:30:00;25/10/2022;AA3.30;24
CT;Introdução ao Inglês para Negócios;01973TP04;CI-CT-04;23;Ter;16:00:00;17:30:00;18/10/2022;AA3.30;24
CT;Introdução ao Inglês para Negócios;01973TP04;CI-CT-04;23;Ter;16:00:00;17:30:00;11/10/2022;AA3.30;24
CT;Introdução ao Inglês para Negócios;01973TP04;CI-CT-04;23;Ter;16:00:00;17:30:00;04/10/2022;AA3.30;24
LP;Psicologia Social;L5200PL03;PA1;31;Sex;11:00:00;12:30:00;02/12/2022;2,00E+02;50
LP;Psicologia Social;L5200PL03;PA1;31;Sex;11:00:00;12:30:00;18/11/2022;2,00E+02;50
LP;Psicologia Social;L5200PL03;PA1;31;Sex;11:00:00;12:30:00;04/11/2022;2,00E+02;50
LP;Psicologia Social;L5200PL03;PA1;31;Sex;11:00:00;12:30:00;21/10/2022;2,00E+02;50
LP;Psicologia Social;L5200PL03;PA1;31;Sex;11:00:00;12:30:00;07/10/2022;2,00E+02;50
LP;Psicologia Social;L5200PL03;PA1;31;Sex;11:00:00;12:30:00;23/09/2022;1,00E+03;50
CT;Mandarim e Cultura Chinesa;MCCT01;CI-CT-01;27;Qua;11:00:00;12:30:00;23/11/2022;AA3.25;34
CT;Mandarim e Cultura Chinesa;MCCT01;CI-CT-01;27;Qua;11:00:00;12:30:00;16/11/2022;AA3.25;34
CT;Mandarim e Cultura Chinesa;MCCT01;CI-CT-01;27;Qua;11:00:00;12:30:00;09/11/2022;AA3.25;34
CT;Mandarim e Cultura Chinesa;MCCT01;CI-CT-01;27;Qua;11:00:00;12:30:00;02/11/2022;AA3.25;34
CT;Mandarim e Cultura Chinesa;MCCT01;CI-CT-01;27;Qua;11:00:00;12:30:00;26/10/2022;AA3.25;34
CT;Mandarim e Cultura Chinesa;MCCT01;CI-CT-01;27;Qua;11:00:00;12:30:00;19/10/2022;AA2.23;50
CT;Mandarim e Cultura Chinesa;MCCT01;CI-CT-01;27;Qua;11:00:00;12:30:00;12/10/2022;AA3.25;34
CT;Mandarim e Cultura Chinesa;MCCT01;CI-CT-01;27;Qua;11:00:00;12:30:00;28/09/2022;AA2.24;30
CT;Mandarim e Cultura Chinesa;MCCT01;CI-CT-01;27;Qua;11:00:00;12:30:00;21/09/2022;AA2.24;30
CT;Mandarim e Cultura Chinesa;MCCT01;CI-CT-01;27;Qua;11:00:00;12:30:00;14/09/2022;2,00E+08;50
CT;Mandarim e Cultura Chinesa;MCCT01;CI-CT-01;27;Seg;11:00:00;12:30:00;12/12/2022;AA3.28;44
CT;Mandarim e Cultura Chinesa;MCCT01;CI-CT-01;27;Seg;11:00:00;12:30:00;05/12/2022;AA3.28;44
CT;Mandarim e Cultura Chinesa;MCCT01;CI-CT-01;27;Seg;11:00:00;12:30:00;28/11/2022;AA3.28;44
CT;Mandarim e Cultura Chinesa;MCCT01;CI-CT-01;27;Seg;11:00:00;12:30:00;21/11/2022;AA3.28;44
CT;Mandarim e Cultura Chinesa;MCCT01;CI-CT-01;27;Seg;11:00:00;12:30:00;14/11/2022;AA3.28;44
CT;Mandarim e Cultura Chinesa;MCCT01;CI-CT-01;27;Seg;11:00:00;12:30:00;07/11/2022;AA3.28;44
CT;Mandarim e Cultura Chinesa;MCCT01;CI-CT-01;27;Seg;11:00:00;12:30:00;31/10/2022;AA3.28;44
CT;Mandarim e Cultura Chinesa;MCCT01;CI-CT-01;27;Seg;11:00:00;12:30:00;24/10/2022;AA3.28;44
CT;Mandarim e Cultura Chinesa;MCCT01;CI-CT-01;27;Seg;11:00:00;12:30:00;17/10/2022;AA3.28;44
CT;Mandarim e Cultura Chinesa;MCCT01;CI-CT-01;27;Seg;11:00:00;12:30:00;10/10/2022;AA3.28;44
CT;Mandarim e Cultura Chinesa;MCCT01;CI-CT-01;27;Seg;11:00:00;12:30:00;03/10/2022;AA3.28;44
CT;Mandarim e Cultura Chinesa;MCCT01;CI-CT-01;27;Seg;11:00:00;12:30:00;26/09/2022;AA3.28;44
CT;Mandarim e Cultura Chinesa;MCCT01;CI-CT-01;27;Seg;11:00:00;12:30:00;19/09/2022;AA3.28;44
CT;Mandarim e Cultura Chinesa;MCCT01;CI-CT-01;27;Seg;11:00:00;12:30:00;12/09/2022;2,00E+10;50
LP;Aprendizagem, Motivação e Emoção;L5216TP01;PA4, PA2;62;Sex;11:00:00;12:30:00;18/11/2022;;
LP;Aprendizagem, Motivação e Emoção;L5216TP01;PA4, PA2;62;Sex;11:00:00;12:30:00;11/11/2022;Auditório 0NE02-Caiano Pereira;89
LP;Aprendizagem, Motivação e Emoção;L5216TP01;PA4, PA2;62;Sex;11:00:00;12:30:00;04/11/2022;Auditório 0NE02-Caiano Pereira;89
LP;Aprendizagem, Motivação e Emoção;L5216TP01;PA4, PA2;62;Sex;11:00:00;12:30:00;28/10/2022;Auditório 0NE02-Caiano Pereira;89
LP;Aprendizagem, Motivação e Emoção;L5216TP01;PA4, PA2;62;Sex;11:00:00;12:30:00;21/10/2022;Auditório 0NE02-Caiano Pereira;89
LP;Aprendizagem, Motivação e Emoção;L5216TP01;PA4, PA2;62;Sex;11:00:00;12:30:00;14/10/2022;Auditório 0NE02-Caiano Pereira;89
LP;Aprendizagem, Motivação e Emoção;L5216TP01;PA4, PA2;62;Sex;11:00:00;12:30:00;07/10/2022;Auditório 0NE02-Caiano Pereira;89
LP;Aprendizagem, Motivação e Emoção;L5216TP01;PA4, PA2;62;Sex;11:00:00;12:30:00;30/09/2022;Auditório 0NE02-Caiano Pereira;89
LP;Aprendizagem, Motivação e Emoção;L5216TP01;PA4, PA2;62;Sex;11:00:00;12:30:00;23/09/2022;2,00E+02;50
LP;Aprendizagem, Motivação e Emoção;L5216TP01;PA4, PA2;62;Ter;11:00:00;12:30:00;08/11/2022;Auditório 0NE02-Caiano Pereira;89
LP;Aprendizagem, Motivação e Emoção;L5216TP01;PA4, PA2;62;Ter;11:00:00;12:30:00;25/10/2022;Auditório 0NE02-Caiano Pereira;89
LP;Aprendizagem, Motivação e Emoção;L5216TP01;PA4, PA2;62;Ter;11:00:00;12:30:00;18/10/2022;Auditório 0NE02-Caiano Pereira;89
LP;Aprendizagem, Motivação e Emoção;L5216TP01;PA4, PA2;62;Ter;11:00:00;12:30:00;11/10/2022;Auditório 0NE02-Caiano Pereira;89
LP;Aprendizagem, Motivação e Emoção;L5216TP01;PA4, PA2;62;Ter;11:00:00;12:30:00;04/10/2022;Auditório 0NE02-Caiano Pereira;89
LP;Aprendizagem, Motivação e Emoção;L5216TP01;PA4, PA2;62;Ter;11:00:00;12:30:00;27/09/2022;2,00E+02;50
LP;Aprendizagem, Motivação e Emoção;L5216TP01;PA4, PA2;62;Ter;11:00:00;12:30:00;20/09/2022;2,00E+05;50
LETI, LEI, LEI-PL, LIGE, LIGE-PL;Fundamentos de Arquitectura de Computadores;L0705PL11;ET-A12, ET-A11, ET-A10;23;Qua;13:00:00;14:30:00;14/12/2022;C7.05;82
LETI, LEI, LEI-PL, LIGE, LIGE-PL;Fundamentos de Arquitectura de Computadores;L0705PL11;ET-A12, ET-A11, ET-A10;23;Qua;13:00:00;14:30:00;07/12/2022;C7.05;82
LETI, LEI, LEI-PL, LIGE, LIGE-PL;Fundamentos de Arquitectura de Computadores;L0705PL11;ET-A12, ET-A11, ET-A10;23;Qua;13:00:00;14:30:00;30/11/2022;C7.05;82
LETI, LEI, LEI-PL, LIGE, LIGE-PL;Fundamentos de Arquitectura de Computadores;L0705PL11;ET-A12, ET-A11, ET-A10;23;Qua;13:00:00;14:30:00;23/11/2022;C7.05;82
LETI, LEI, LEI-PL, LIGE, LIGE-PL;Fundamentos de Arquitectura de Computadores;L0705PL11;ET-A12, ET-A11, ET-A10;23;Qua;13:00:00;14:30:00;16/11/2022;C7.05;82
LETI, LEI, LEI-PL, LIGE, LIGE-PL;Fundamentos de Arquitectura de Computadores;L0705PL11;ET-A12, ET-A11, ET-A10;23;Qua;13:00:00;14:30:00;09/11/2022;C7.05;82
LETI, LEI, LEI-PL, LIGE, LIGE-PL;Fundamentos de Arquitectura de Computadores;L0705PL11;ET-A12, ET-A11, ET-A10;23;Qua;13:00:00;14:30:00;26/10/2022;C7.05;82
LETI, LEI, LEI-PL, LIGE, LIGE-PL;Fundamentos de Arquitectura de Computadores;L0705PL11;ET-A12, ET-A11, ET-A10;23;Qua;13:00:00;14:30:00;19/10/2022;C7.05;82
LETI, LEI, LEI-PL, LIGE, LIGE-PL;Fundamentos de Arquitectura de Computadores;L0705PL11;ET-A12, ET-A11, ET-A10;23;Qua;13:00:00;14:30:00;12/10/2022;C7.05;82
LETI, LEI, LEI-PL, LIGE, LIGE-PL;Fundamentos de Arquitectura de Computadores;L0705PL11;ET-A12, ET-A11, ET-A10;23;Qua;13:00:00;14:30:00;28/09/2022;C7.05;82
LETI, LEI, LEI-PL, LIGE, LIGE-PL;Fundamentos de Arquitectura de Computadores;L0705PL11;ET-A12, ET-A11, ET-A10;23;Qua;13:00:00;14:30:00;21/09/2022;C7.05;82
LETI, LEI, LEI-PL, LIGE, LIGE-PL;Fundamentos de Arquitectura de Computadores;L0705PL11;ET-A12, ET-A11, ET-A10;23;Qua;13:00:00;14:30:00;14/09/2022;;
CT;Igualdade de Género e Diversidade - Iniciação;IGD-ITP01;CI-CT-01;28;Seg;09:30:00;10:30:00;24/10/2022;AA2.25;34
CT;Igualdade de Género e Diversidade - Iniciação;IGD-ITP01;CI-CT-01;28;Seg;09:30:00;12:30:00;17/10/2022;AA2.25;34
CT;Igualdade de Género e Diversidade - Iniciação;IGD-ITP01;CI-CT-01;28;Seg;09:30:00;12:30:00;10/10/2022;AA2.25;34
CT;Igualdade de Género e Diversidade - Iniciação;IGD-ITP01;CI-CT-01;28;Seg;09:30:00;12:30:00;03/10/2022;AA2.25;34
CT;Diversidade no Local de Trabalho;00664TP04;CI-CT-04;21;Qua;16:00:00;17:30:00;07/12/2022;C4.05;30
CT;Diversidade no Local de Trabalho;00664TP04;CI-CT-04;21;Qua;16:00:00;17:30:00;30/11/2022;C4.05;30
CT;Diversidade no Local de Trabalho;00664TP04;CI-CT-04;21;Qua;16:00:00;17:30:00;23/11/2022;C4.05;30
CT;Diversidade no Local de Trabalho;00664TP04;CI-CT-04;21;Qua;16:00:00;17:30:00;16/11/2022;AA2.24;30
CT;Diversidade no Local de Trabalho;00664TP04;CI-CT-04;21;Qua;16:00:00;17:30:00;09/11/2022;C4.05;30
LP;História da Psicologia;L5214TP02;PB3, PB1;45;Seg;16:00:00;17:30:00;07/11/2022;C5.08;58
LP;História da Psicologia;L5214TP02;PB3, PB1;45;Seg;16:00:00;17:30:00;31/10/2022;;
LP;História da Psicologia;L5214TP02;PB3, PB1;45;Seg;16:00:00;17:30:00;24/10/2022;C5.09;56
LP;História da Psicologia;L5214TP02;PB3, PB1;45;Seg;16:00:00;17:30:00;17/10/2022;C5.09;56
LP;História da Psicologia;L5214TP02;PB3, PB1;45;Seg;16:00:00;17:30:00;10/10/2022;C5.09;56
LP;História da Psicologia;L5214TP02;PB3, PB1;45;Seg;16:00:00;17:30:00;03/10/2022;C5.09;56
LP;História da Psicologia;L5214TP02;PB3, PB1;45;Seg;16:00:00;17:30:00;26/09/2022;;
LP;História da Psicologia;L5214TP02;PB3, PB1;45;Seg;16:00:00;17:30:00;19/09/2022;;
LP;História da Psicologia;L5214TP02;PB3, PB1;45;Ter;16:00:00;17:30:00;15/11/2022;C5.08;58
LP;História da Psicologia;L5214TP02;PB3, PB1;45;Ter;16:00:00;17:30:00;08/11/2022;C5.08;58
LP;História da Psicologia;L5214TP02;PB3, PB1;45;Ter;16:00:00;17:30:00;25/10/2022;C5.08;58
LP;História da Psicologia;L5214TP02;PB3, PB1;45;Ter;16:00:00;17:30:00;18/10/2022;C5.08;58
LP;História da Psicologia;L5214TP02;PB3, PB1;45;Ter;16:00:00;17:30:00;11/10/2022;C5.08;58
LP;História da Psicologia;L5214TP02;PB3, PB1;45;Ter;16:00:00;17:30:00;04/10/2022;C5.08;58
LP;História da Psicologia;L5214TP02;PB3, PB1;45;Ter;16:00:00;17:30:00;27/09/2022;;
LP;História da Psicologia;L5214TP02;PB3, PB1;45;Ter;16:00:00;17:30:00;20/09/2022;;
LP;Comportamento Organizacional - Processos Individuais;L5202TP01;PC4, PC3, PC2, PC1;48;Qua;13:00:00;14:30:00;14/12/2022;1,00E+06;50
LP;Comportamento Organizacional - Processos Individuais;L5202TP01;PC4, PC3, PC2, PC1;48;Qua;13:00:00;14:30:00;07/12/2022;1,00E+06;50
LP;Comportamento Organizacional - Processos Individuais;L5202TP01;PC4, PC3, PC2, PC1;48;Qua;13:00:00;14:30:00;30/11/2022;1,00E+06;50
LP;Comportamento Organizacional - Processos Individuais;L5202TP01;PC4, PC3, PC2, PC1;48;Qua;13:00:00;14:30:00;23/11/2022;1,00E+06;50
LP;Comportamento Organizacional - Processos Individuais;L5202TP01;PC4, PC3, PC2, PC1;48;Qua;13:00:00;14:30:00;16/11/2022;1,00E+06;50
LP;Comportamento Organizacional - Processos Individuais;L5202TP01;PC4, PC3, PC2, PC1;48;Qua;13:00:00;14:30:00;09/11/2022;1,00E+06;50
LP;Comportamento Organizacional - Processos Individuais;L5202TP01;PC4, PC3, PC2, PC1;48;Qua;13:00:00;14:30:00;02/11/2022;1,00E+06;50
LP;Comportamento Organizacional - Processos Individuais;L5202TP01;PC4, PC3, PC2, PC1;48;Qua;13:00:00;14:30:00;26/10/2022;1,00E+06;50
LP;Comportamento Organizacional - Processos Individuais;L5202TP01;PC4, PC3, PC2, PC1;48;Qua;13:00:00;14:30:00;19/10/2022;1,00E+06;50
LP;Comportamento Organizacional - Processos Individuais;L5202TP01;PC4, PC3, PC2, PC1;48;Qua;13:00:00;14:30:00;12/10/2022;1,00E+06;50
LP;Comportamento Organizacional - Processos Individuais;L5202TP01;PC4, PC3, PC2, PC1;48;Qua;13:00:00;14:30:00;28/09/2022;1,00E+06;50
LP;Comportamento Organizacional - Processos Individuais;L5202TP01;PC4, PC3, PC2, PC1;48;Qua;13:00:00;14:30:00;21/09/2022;1,00E+06;50
LP;Comportamento Organizacional - Processos Individuais;L5202TP01;PC4, PC3, PC2, PC1;48;Seg;11:00:00;12:30:00;05/12/2022;1,00E+06;50
LP;Comportamento Organizacional - Processos Individuais;L5202TP01;PC4, PC3, PC2, PC1;48;Seg;11:00:00;12:30:00;28/11/2022;1,00E+06;50
LP;Comportamento Organizacional - Processos Individuais;L5202TP01;PC4, PC3, PC2, PC1;48;Seg;11:00:00;12:30:00;21/11/2022;1,00E+06;50
LP;Comportamento Organizacional - Processos Individuais;L5202TP01;PC4, PC3, PC2, PC1;48;Seg;11:00:00;12:30:00;14/11/2022;1,00E+06;50
LP;Comportamento Organizacional - Processos Individuais;L5202TP01;PC4, PC3, PC2, PC1;48;Seg;11:00:00;12:30:00;07/11/2022;1,00E+06;50
LP;Comportamento Organizacional - Processos Individuais;L5202TP01;PC4, PC3, PC2, PC1;48;Seg;11:00:00;12:30:00;31/10/2022;1,00E+06;50
LP;Comportamento Organizacional - Processos Individuais;L5202TP01;PC4, PC3, PC2, PC1;48;Seg;11:00:00;12:30:00;24/10/2022;1,00E+06;50
LP;Comportamento Organizacional - Processos Individuais;L5202TP01;PC4, PC3, PC2, PC1;48;Seg;11:00:00;12:30:00;17/10/2022;1,00E+06;50
LP;Comportamento Organizacional - Processos Individuais;L5202TP01;PC4, PC3, PC2, PC1;48;Seg;11:00:00;12:30:00;10/10/2022;1,00E+06;50
LP;Comportamento Organizacional - Processos Individuais;L5202TP01;PC4, PC3, PC2, PC1;48;Seg;11:00:00;12:30:00;03/10/2022;1,00E+06;50
LP;Comportamento Organizacional - Processos Individuais;L5202TP01;PC4, PC3, PC2, PC1;48;Seg;11:00:00;12:30:00;26/09/2022;1,00E+06;50
LP;Comportamento Organizacional - Processos Individuais;L5202TP01;PC4, PC3, PC2, PC1;48;Seg;11:00:00;12:30:00;19/09/2022;1,00E+06;50
LP;Estatística e Análise de Dados III;L5242PL05;PC4;30;Ter;11:00:00;12:30:00;06/12/2022;D1.01;35
LP;Estatística e Análise de Dados III;L5242PL05;PC4;30;Ter;09:30:00;11:00:00;06/12/2022;D1.01;35
LP;Estatística e Análise de Dados III;L5242PL05;PC4;30;Seg;16:00:00;17:30:00;12/12/2022;D1.01;35
LP;Estatística e Análise de Dados III;L5242PL05;PC4;30;Seg;08:00:00;09:30:00;12/12/2022;D1.01;35
LP;Estatística e Análise de Dados III;L5242PL05;PC4;30;Qui;14:30:00;16:00:00;24/11/2022;D1.02;27
LP;Estatística e Análise de Dados III;L5242PL05;PC4;30;Qui;14:30:00;16:00:00;10/11/2022;D1.02;27
LP;Estatística e Análise de Dados III;L5242PL05;PC4;30;Qui;14:30:00;16:00:00;27/10/2022;D1.02;27
LP;Estatística e Análise de Dados III;L5242PL05;PC4;30;Qui;14:30:00;16:00:00;06/10/2022;D1.02;27
LP;Estatística e Análise de Dados III;L5242PL05;PC4;30;Qui;16:00:00;17:30:00;24/11/2022;D1.02;27
LP;Estatística e Análise de Dados III;L5242PL05;PC4;30;Qui;16:00:00;17:30:00;10/11/2022;D1.02;27
LP;Estatística e Análise de Dados III;L5242PL05;PC4;30;Qui;16:00:00;17:30:00;27/10/2022;D1.02;27
LP;Estatística e Análise de Dados III;L5242PL05;PC4;30;Qui;16:00:00;17:30:00;06/10/2022;D1.02;27
LP;Psicologia Social;L5200TP07;PA4, PA2;68;Qua;11:00:00;12:30:00;30/11/2022;C5.07;68
LP;Psicologia Social;L5200TP07;PA4, PA2;68;Qua;11:00:00;12:30:00;23/11/2022;C5.07;68
LP;Psicologia Social;L5200TP07;PA4, PA2;68;Qua;11:00:00;12:30:00;16/11/2022;C5.07;68
LP;Psicologia Social;L5200TP07;PA4, PA2;68;Qua;11:00:00;12:30:00;09/11/2022;C5.07;68
LP;Psicologia Social;L5200TP07;PA4, PA2;68;Qua;11:00:00;12:30:00;02/11/2022;C5.07;68
LP;Psicologia Social;L5200TP07;PA4, PA2;68;Qua;11:00:00;12:30:00;26/10/2022;C5.07;68
LP;Psicologia Social;L5200TP07;PA4, PA2;68;Qua;11:00:00;12:30:00;19/10/2022;C5.07;68
LP;Psicologia Social;L5200TP07;PA4, PA2;68;Qua;11:00:00;12:30:00;12/10/2022;C5.07;68
LP;Psicologia Social;L5200TP07;PA4, PA2;68;Qua;11:00:00;12:30:00;28/09/2022;C5.07;68
LP;Psicologia Social;L5200TP07;PA4, PA2;68;Qua;11:00:00;12:30:00;21/09/2022;C5.07;68
LETI, LEI, LEI-PL, LIGE, LIGE-PL;Bases de Dados;03724PL04;EI-B9, EI-B12, EI-B11, EI-B10;26;Qua;09:30:00;11:00:00;14/12/2022;;
LETI, LEI, LEI-PL, LIGE, LIGE-PL;Bases de Dados;03724PL04;EI-B9, EI-B12, EI-B11, EI-B10;26;Qua;09:30:00;11:00:00;07/12/2022;D1.14;27
LETI, LEI, LEI-PL, LIGE, LIGE-PL;Bases de Dados;03724PL04;EI-B9, EI-B12, EI-B11, EI-B10;26;Qua;09:30:00;11:00:00;30/11/2022;D1.14;27
LETI, LEI, LEI-PL, LIGE, LIGE-PL;Bases de Dados;03724PL04;EI-B9, EI-B12, EI-B11, EI-B10;26;Qua;09:30:00;11:00:00;23/11/2022;D1.14;27
LETI, LEI, LEI-PL, LIGE, LIGE-PL;Bases de Dados;03724PL04;EI-B9, EI-B12, EI-B11, EI-B10;26;Qua;09:30:00;11:00:00;16/11/2022;D1.14;27
LETI, LEI, LEI-PL, LIGE, LIGE-PL;Bases de Dados;03724PL04;EI-B9, EI-B12, EI-B11, EI-B10;26;Qua;09:30:00;11:00:00;09/11/2022;D1.14;27
LETI, LEI, LEI-PL, LIGE, LIGE-PL;Bases de Dados;03724PL04;EI-B9, EI-B12, EI-B11, EI-B10;26;Qua;09:30:00;11:00:00;26/10/2022;D1.14;27
LETI, LEI, LEI-PL, LIGE, LIGE-PL;Bases de Dados;03724PL04;EI-B9, EI-B12, EI-B11, EI-B10;26;Qua;09:30:00;11:00:00;19/10/2022;D1.14;27
LETI, LEI, LEI-PL, LIGE, LIGE-PL;Bases de Dados;03724PL04;EI-B9, EI-B12, EI-B11, EI-B10;26;Qua;09:30:00;11:00:00;12/10/2022;D1.14;27
LETI, LEI, LEI-PL, LIGE, LIGE-PL;Bases de Dados;03724PL04;EI-B9, EI-B12, EI-B11, EI-B10;26;Qua;09:30:00;11:00:00;28/09/2022;D1.14;27
LETI, LEI, LEI-PL, LIGE, LIGE-PL;Bases de Dados;03724PL04;EI-B9, EI-B12, EI-B11, EI-B10;26;Qua;09:30:00;11:00:00;21/09/2022;D1.14;27
LETI, LEI, LEI-PL, LIGE, LIGE-PL;Bases de Dados;03724PL04;EI-B9, EI-B12, EI-B11, EI-B10;26;Qua;09:30:00;11:00:00;14/09/2022;D1.14;27
LETI, LEI, LEI-PL, LIGE, LIGE-PL;Bases de Dados;03724PL04;EI-B9, EI-B12, EI-B11, EI-B10;26;Qua;11:00:00;12:30:00;14/12/2022;;
LETI, LEI, LEI-PL, LIGE, LIGE-PL;Bases de Dados;03724PL04;EI-B9, EI-B12, EI-B11, EI-B10;26;Qua;11:00:00;12:30:00;07/12/2022;D1.14;27
LETI, LEI, LEI-PL, LIGE, LIGE-PL;Bases de Dados;03724PL04;EI-B9, EI-B12, EI-B11, EI-B10;26;Qua;11:00:00;12:30:00;30/11/2022;D1.14;27
LETI, LEI, LEI-PL, LIGE, LIGE-PL;Bases de Dados;03724PL04;EI-B9, EI-B12, EI-B11, EI-B10;26;Qua;11:00:00;12:30:00;23/11/2022;D1.14;27
LETI, LEI, LEI-PL, LIGE, LIGE-PL;Bases de Dados;03724PL04;EI-B9, EI-B12, EI-B11, EI-B10;26;Qua;11:00:00;12:30:00;16/11/2022;D1.14;27
LETI, LEI, LEI-PL, LIGE, LIGE-PL;Bases de Dados;03724PL04;EI-B9, EI-B12, EI-B11, EI-B10;26;Qua;11:00:00;12:30:00;09/11/2022;D1.14;27
LETI, LEI, LEI-PL, LIGE, LIGE-PL;Bases de Dados;03724PL04;EI-B9, EI-B12, EI-B11, EI-B10;26;Qua;11:00:00;12:30:00;26/10/2022;D1.14;27
LETI, LEI, LEI-PL, LIGE, LIGE-PL;Bases de Dados;03724PL04;EI-B9, EI-B12, EI-B11, EI-B10;26;Qua;11:00:00;12:30:00;19/10/2022;D1.14;27
LETI, LEI, LEI-PL, LIGE, LIGE-PL;Bases de Dados;03724PL04;EI-B9, EI-B12, EI-B11, EI-B10;26;Qua;11:00:00;12:30:00;12/10/2022;D1.14;27
LETI, LEI, LEI-PL, LIGE, LIGE-PL;Bases de Dados;03724PL04;EI-B9, EI-B12, EI-B11, EI-B10;26;Qua;11:00:00;12:30:00;28/09/2022;D1.14;27
LETI, LEI, LEI-PL, LIGE, LIGE-PL;Bases de Dados;03724PL04;EI-B9, EI-B12, EI-B11, EI-B10;26;Qua;11:00:00;12:30:00;21/09/2022;D1.14;27
LETI, LEI, LEI-PL, LIGE, LIGE-PL;Bases de Dados;03724PL04;EI-B9, EI-B12, EI-B11, EI-B10;26;Qua;11:00:00;12:30:00;14/09/2022;D1.14;27